VARIABLE_NAME,DESCRIPTION,LOCATION,XPATH,VERSION,REQUIRED,NOTES,FLAG,Analyst
F9-EZ-03-TOTREV,Total revenue for the current fiscal year,F990-PC-PART-03-SECTION-A-LINE-09B,/Return/ReturnData/AffiliatedGroupSchedule/AffiliatedSchedule/TotalExemptPurposeRevenues,2006v3.0; 2006v3.1; 2006v3.2; 2006v3.3; 2006v4.0; 2006v4.1; 2006v4.2; 2006v4.3; 2006v4.4; 2007v1.0; 2007v1.1; 2007v2.0; 2007v2.1; 2007v2.10; 2007v2.11; 2007v2.12; 2007v2.13; 2007v2.14; 2007v2.2; 2007v2.3; 2007v2.4; 2007v2.5; 2007v2.6; 2007v2.7; 2007v2.8; 2007v2.9; 2008v1.0; 2008v2.0; 2008v2.1; 2008v2.10; 2008v2.11; 2008v2.12; 2008v2.13; 2008v2.14; 2008v2.2; 2008v2.3; 2008v2.4; 2008v2.5; 2008v2.6; 2008v2.7; 2008v2.8; 2008v2.9; 2009v1.0; 2009v1.1; 2009v1.10; 2009v1.2; 2009v1.3; 2009v1.4; 2009v1.5; 2009v1.6; 2009v1.7; 2009v1.8; 2009v1.9; 2010v1.0; 2010v2.0; 2010v3.0; 2010v3.1; 2010v3.2; 2010v3.3; 2010v3.4; 2010v3.5; 2010v3.6; 2010v3.7,TRUE,NA,FALSE,Doyle & Ward
F9-EZ-03-TOTREV,Total revenue for the current fiscal year,F990-PC-PART-03-SECTION-A-LINE-09B,/Return/ReturnData/AffiliatedGroupSchedule/AffiliatedSchedule/TotalRev,2006v3.0; 2006v3.1; 2006v3.2; 2006v3.3; 2006v4.0; 2006v4.1; 2006v4.2; 2006v4.3; 2006v4.4; 2007v1.0; 2007v1.1; 2007v2.0; 2007v2.1; 2007v2.10; 2007v2.11; 2007v2.12; 2007v2.13; 2007v2.14; 2007v2.2; 2007v2.3; 2007v2.4; 2007v2.5; 2007v2.6; 2007v2.7; 2007v2.8; 2007v2.9; 2008v1.0; 2008v2.0; 2008v2.1; 2008v2.10; 2008v2.11; 2008v2.12; 2008v2.13; 2008v2.14; 2008v2.2; 2008v2.3; 2008v2.4; 2008v2.5; 2008v2.6; 2008v2.7; 2008v2.8; 2008v2.9; 2009v1.0; 2009v1.1; 2009v1.10; 2009v1.2; 2009v1.3; 2009v1.4; 2009v1.5; 2009v1.6; 2009v1.7; 2009v1.8; 2009v1.9; 2010v1.0; 2010v2.0; 2010v3.0; 2010v3.1; 2010v3.2; 2010v3.3; 2010v3.4; 2010v3.5; 2010v3.6; 2010v3.7,TRUE,NA,FALSE,Polk
F9-EZ-03-TOTREV,Total revenue for the current fiscal year,F990-EZ-PART-03-LINE-09B,/Return/ReturnData/AffiliatedGroupSchedule/AffiliatedSchedule/TotalRevenues,2006v3.0; 2006v3.1; 2006v3.2; 2006v3.3; 2006v4.0; 2006v4.1; 2006v4.2; 2006v4.3; 2006v4.4; 2007v1.0; 2007v1.1; 2007v2.0; 2007v2.1; 2007v2.10; 2007v2.11; 2007v2.12; 2007v2.13; 2007v2.14; 2007v2.2; 2007v2.3; 2007v2.4; 2007v2.5; 2007v2.6; 2007v2.7; 2007v2.8; 2007v2.9; 2008v1.0; 2008v2.0; 2008v2.1; 2008v2.10; 2008v2.11; 2008v2.12; 2008v2.13; 2008v2.14; 2008v2.2; 2008v2.3; 2008v2.4; 2008v2.5; 2008v2.6; 2008v2.7; 2008v2.8; 2008v2.9; 2009v1.0; 2009v1.1; 2009v1.10; 2009v1.2; 2009v1.3; 2009v1.4; 2009v1.5; 2009v1.6; 2009v1.7; 2009v1.8; 2009v1.9; 2010v1.0; 2010v2.0; 2010v3.0; 2010v3.1; 2010v3.2; 2010v3.3; 2010v3.4; 2010v3.5; 2010v3.6; 2010v3.7,FALSE,NA,TRUE,Polk
F9-PC-12-ACCTCOMREV,Accountant provide compilation or review?,F990-PC-PART-12-LINE-02A,/Return/ReturnData/IRS990/AccountantCompileOrReview,2008v2.0; 2008v2.1; 2008v2.10; 2008v2.11; 2008v2.12; 2008v2.13; 2008v2.14; 2008v2.2; 2008v2.3; 2008v2.4; 2008v2.5; 2008v2.6; 2008v2.7; 2008v2.8; 2008v2.9; 2009v1.0; 2009v1.1; 2009v1.10; 2009v1.2; 2009v1.3; 2009v1.4; 2009v1.5; 2009v1.6; 2009v1.7; 2009v1.8; 2009v1.9; 2010v1.0; 2010v2.0; 2010v3.0; 2010v3.1; 2010v3.2; 2010v3.3; 2010v3.4; 2010v3.5; 2010v3.6; 2010v3.7,TRUE,NA,FALSE,Polk
F9-PC-00-SUBORDINCLUDED,Indicates this form includes all subordinate organizations,F990-PC-PART-00-SECTION-HB,/Return/ReturnData/IRS990/AllAffiliatesIncluded,2003V21; 2004v1.0; 2005v3.0; 2005v3.1; 2005v3.2; 2005v3.3; 2005v4.0; 2005v4.1; 2006v3.0; 2006v3.1; 2006v3.2; 2006v3.3; 2006v4.0; 2006v4.1; 2006v4.2; 2006v4.3; 2006v4.4; 2007v1.0; 2007v1.1; 2007v2.0; 2007v2.1; 2007v2.10; 2007v2.11; 2007v2.12; 2007v2.13; 2007v2.14; 2007v2.2; 2007v2.3; 2007v2.4; 2007v2.5; 2007v2.6; 2007v2.7; 2007v2.8; 2007v2.9; 2008v2.0; 2008v2.1; 2008v2.10; 2008v2.11; 2008v2.12; 2008v2.13; 2008v2.14; 2008v2.2; 2008v2.3; 2008v2.4; 2008v2.5; 2008v2.6; 2008v2.7; 2008v2.8; 2008v2.9; 2009v1.0; 2009v1.1; 2009v1.10; 2009v1.2; 2009v1.3; 2009v1.4; 2009v1.5; 2009v1.6; 2009v1.7; 2009v1.8; 2009v1.9; 2010v1.0; 2010v2.0; 2010v3.0; 2010v3.1; 2010v3.2; 2010v3.3; 2010v3.4; 2010v3.5; 2010v3.6; 2010v3.7,FALSE,NA,FALSE,Petruzzelli
F9-PC-12-AUDITCOMIT,Does the organization have an audit committee?,F990-PC-PART-12-LINE-02C,/Return/ReturnData/IRS990/AuditCommittee,2008v2.0; 2008v2.1; 2008v2.10; 2008v2.11; 2008v2.12; 2008v2.13; 2008v2.14; 2008v2.2; 2008v2.3; 2008v2.4; 2008v2.5; 2008v2.6; 2008v2.7; 2008v2.8; 2008v2.9; 2009v1.0; 2009v1.1; 2009v1.10; 2009v1.2; 2009v1.3; 2009v1.4; 2009v1.5; 2009v1.6; 2009v1.7; 2009v1.8; 2009v1.9; 2010v1.0; 2010v2.0; 2010v3.0; 2010v3.1; 2010v3.2; 2010v3.3; 2010v3.4; 2010v3.5; 2010v3.6; 2010v3.7,FALSE,NA,FALSE,Polk
F9-PC-08-CONTRIBFDRSGEVT,8a-0,F990-PC-PART-08-LINE-8a-0,/Return/ReturnData/IRS990/CntrbtnsRprtdFundraisingEvents,2008v2.0; 2008v2.1; 2008v2.2; 2008v2.3; 2008v2.4; 2008v2.5; 2008v2.6; 2008v2.7; 2008v2.8; 2008v2.9; 2009v1.0; 2009v1.1; 2008v2.10; 2008v2.11; 2008v2.12; 2008v2.13; 2008v2.14; 2009v1.10; 2009v1.2; 2009v1.3; 2009v1.4; 2009v1.5; 2009v1.6; 2009v1.7; 2009v1.8; 2009v1.9; 2010v1.0; 2010v2.0; 2010v3.0; 2010v3.1; 2010v3.2; 2010v3.3; 2010v3.4; 2010v3.5; 2010v3.6; 2010v3.7,FALSE,NA,FALSE,Doyle & Ward
F9-PC-09-COMPCUROFFICERFR,"Compensation for Current Officers, Directors, Trustees and Key Employees - Fundraising Expenses",F990-PC-PART-09-LINE-05D,/Return/ReturnData/IRS990/CompCurrentOfficersDirectors/Fundraising,2006v3.0; 2006v3.1; 2006v3.2; 2006v3.3; 2006v4.0; 2006v4.1; 2006v4.2; 2006v4.3; 2006v4.4; 2007v1.0; 2007v1.1; 2007v2.0; 2007v2.1; 2007v2.10; 2007v2.11; 2007v2.12; 2007v2.13; 2007v2.14; 2007v2.2; 2007v2.3; 2007v2.4; 2007v2.5; 2007v2.6; 2007v2.7; 2007v2.8; 2007v2.9; 2008v2.0; 2008v2.1; 2008v2.10; 2008v2.11; 2008v2.12; 2008v2.13; 2008v2.14; 2008v2.2; 2008v2.3; 2008v2.4; 2008v2.5; 2008v2.6; 2008v2.7; 2008v2.8; 2008v2.9; 2009v1.0; 2009v1.1; 2009v1.10; 2009v1.2; 2009v1.3; 2009v1.4; 2009v1.5; 2009v1.6; 2009v1.7; 2009v1.8; 2009v1.9; 2010v1.0; 2010v2.0; 2010v3.0; 2010v3.1; 2010v3.2; 2010v3.3; 2010v3.4; 2010v3.5; 2010v3.6; 2010v3.7,FALSE,NA,FALSE,Cowardin
F9-PC-09-COMPCUROFFICERMAG,"Compensation for Current Officers, Directors, Trustees and Key Employees - Management and General",F990-PC-PART-09-LINE-05C,/Return/ReturnData/IRS990/CompCurrentOfficersDirectors/ManagementAndGeneral,2006v3.0; 2006v3.1; 2006v3.2; 2006v3.3; 2006v4.0; 2006v4.1; 2006v4.2; 2006v4.3; 2006v4.4; 2007v1.0; 2007v1.1; 2007v2.0; 2007v2.1; 2007v2.10; 2007v2.11; 2007v2.12; 2007v2.13; 2007v2.14; 2007v2.2; 2007v2.3; 2007v2.4; 2007v2.5; 2007v2.6; 2007v2.7; 2007v2.8; 2007v2.9; 2008v2.0; 2008v2.1; 2008v2.10; 2008v2.11; 2008v2.12; 2008v2.13; 2008v2.14; 2008v2.2; 2008v2.3; 2008v2.4; 2008v2.5; 2008v2.6; 2008v2.7; 2008v2.8; 2008v2.9; 2009v1.0; 2009v1.1; 2009v1.10; 2009v1.2; 2009v1.3; 2009v1.4; 2009v1.5; 2009v1.6; 2009v1.7; 2009v1.8; 2009v1.9; 2010v1.0; 2010v2.0; 2010v3.0; 2010v3.1; 2010v3.2; 2010v3.3; 2010v3.4; 2010v3.5; 2010v3.6; 2010v3.7,FALSE,NA,FALSE,Cowardin
F9-PC-09-COMPCUROFFICERPSE,"Compensation for Current Officers, Directors, Trustees and Key Employees - Program Service Expenses",F990-PC-PART-09-LINE-05B,/Return/ReturnData/IRS990/CompCurrentOfficersDirectors/ProgramServices,2006v3.0; 2006v3.1; 2006v3.2; 2006v3.3; 2006v4.0; 2006v4.1; 2006v4.2; 2006v4.3; 2006v4.4; 2007v1.0; 2007v1.1; 2007v2.0; 2007v2.1; 2007v2.10; 2007v2.11; 2007v2.12; 2007v2.13; 2007v2.14; 2007v2.2; 2007v2.3; 2007v2.4; 2007v2.5; 2007v2.6; 2007v2.7; 2007v2.8; 2007v2.9; 2008v2.0; 2008v2.1; 2008v2.10; 2008v2.11; 2008v2.12; 2008v2.13; 2008v2.14; 2008v2.2; 2008v2.3; 2008v2.4; 2008v2.5; 2008v2.6; 2008v2.7; 2008v2.8; 2008v2.9; 2009v1.0; 2009v1.1; 2009v1.10; 2009v1.2; 2009v1.3; 2009v1.4; 2009v1.5; 2009v1.6; 2009v1.7; 2009v1.8; 2009v1.9; 2010v1.0; 2010v2.0; 2010v3.0; 2010v3.1; 2010v3.2; 2010v3.3; 2010v3.4; 2010v3.5; 2010v3.6; 2010v3.7,FALSE,NA,FALSE,Cowardin
F9-PC-09-COMPCUROFFICERTE,"Compensation for Current Officers, Directors, Trustees and Key Employees - Total Expense",F990-PC-PART-09-LINE-05A,/Return/ReturnData/IRS990/CompCurrentOfficersDirectors/Total,2006v3.0; 2006v3.1; 2006v3.2; 2006v3.3; 2006v4.0; 2006v4.1; 2006v4.2; 2006v4.3; 2006v4.4; 2007v1.0; 2007v1.1; 2007v2.0; 2007v2.1; 2007v2.10; 2007v2.11; 2007v2.12; 2007v2.13; 2007v2.14; 2007v2.2; 2007v2.3; 2007v2.4; 2007v2.5; 2007v2.6; 2007v2.7; 2007v2.8; 2007v2.9; 2008v2.0; 2008v2.1; 2008v2.10; 2008v2.11; 2008v2.12; 2008v2.13; 2008v2.14; 2008v2.2; 2008v2.3; 2008v2.4; 2008v2.5; 2008v2.6; 2008v2.7; 2008v2.8; 2008v2.9; 2009v1.0; 2009v1.1; 2009v1.10; 2009v1.2; 2009v1.3; 2009v1.4; 2009v1.5; 2009v1.6; 2009v1.7; 2009v1.8; 2009v1.9; 2010v1.0; 2010v2.0; 2010v3.0; 2010v3.1; 2010v3.2; 2010v3.3; 2010v3.4; 2010v3.5; 2010v3.6; 2010v3.7,FALSE,NA,FALSE,Cowardin
F9-PC-09-COMPDISQUALFR,"Compensation not included above, or to disqualified persons - Fundraising Expenses",F990-PC-PART-09-LINE-06D,/Return/ReturnData/IRS990/CompDisqualPersons/Fundraising,2006v3.0; 2006v3.1; 2006v3.2; 2006v3.3; 2006v4.0; 2006v4.1; 2006v4.2; 2006v4.3; 2006v4.4; 2007v1.0; 2007v1.1; 2007v2.0; 2007v2.1; 2007v2.10; 2007v2.11; 2007v2.12; 2007v2.13; 2007v2.14; 2007v2.2; 2007v2.3; 2007v2.4; 2007v2.5; 2007v2.6; 2007v2.7; 2007v2.8; 2007v2.9; 2008v2.0; 2008v2.1; 2008v2.10; 2008v2.11; 2008v2.12; 2008v2.13; 2008v2.14; 2008v2.2; 2008v2.3; 2008v2.4; 2008v2.5; 2008v2.6; 2008v2.7; 2008v2.8; 2008v2.9; 2009v1.0; 2009v1.1; 2009v1.10; 2009v1.2; 2009v1.3; 2009v1.4; 2009v1.5; 2009v1.6; 2009v1.7; 2009v1.8; 2009v1.9; 2010v1.0; 2010v2.0; 2010v3.0; 2010v3.1; 2010v3.2; 2010v3.3; 2010v3.4; 2010v3.5; 2010v3.6; 2010v3.7,FALSE,NA,FALSE,Cowardin
F9-PC-09-COMPDISQUALMAG,"Compensation not included above, or to disqualified persons - Management and General",F990-PC-PART-09-LINE-06C,/Return/ReturnData/IRS990/CompDisqualPersons/ManagementAndGeneral,2006v3.0; 2006v3.1; 2006v3.2; 2006v3.3; 2006v4.0; 2006v4.1; 2006v4.2; 2006v4.3; 2006v4.4; 2007v1.0; 2007v1.1; 2007v2.0; 2007v2.1; 2007v2.10; 2007v2.11; 2007v2.12; 2007v2.13; 2007v2.14; 2007v2.2; 2007v2.3; 2007v2.4; 2007v2.5; 2007v2.6; 2007v2.7; 2007v2.8; 2007v2.9; 2008v2.0; 2008v2.1; 2008v2.10; 2008v2.11; 2008v2.12; 2008v2.13; 2008v2.14; 2008v2.2; 2008v2.3; 2008v2.4; 2008v2.5; 2008v2.6; 2008v2.7; 2008v2.8; 2008v2.9; 2009v1.0; 2009v1.1; 2009v1.10; 2009v1.2; 2009v1.3; 2009v1.4; 2009v1.5; 2009v1.6; 2009v1.7; 2009v1.8; 2009v1.9; 2010v1.0; 2010v2.0; 2010v3.0; 2010v3.1; 2010v3.2; 2010v3.3; 2010v3.4; 2010v3.5; 2010v3.6; 2010v3.7,FALSE,NA,FALSE,Cowardin
F9-PC-09-COMPDISQUALPSE,"Compensation not included above, or to disqualified persons - Program Service Expenses",F990-PC-PART-09-LINE-06B,/Return/ReturnData/IRS990/CompDisqualPersons/ProgramServices,2006v3.0; 2006v3.1; 2006v3.2; 2006v3.3; 2006v4.0; 2006v4.1; 2006v4.2; 2006v4.3; 2006v4.4; 2007v1.0; 2007v1.1; 2007v2.0; 2007v2.1; 2007v2.10; 2007v2.11; 2007v2.12; 2007v2.13; 2007v2.14; 2007v2.2; 2007v2.3; 2007v2.4; 2007v2.5; 2007v2.6; 2007v2.7; 2007v2.8; 2007v2.9; 2008v2.0; 2008v2.1; 2008v2.10; 2008v2.11; 2008v2.12; 2008v2.13; 2008v2.14; 2008v2.2; 2008v2.3; 2008v2.4; 2008v2.5; 2008v2.6; 2008v2.7; 2008v2.8; 2008v2.9; 2009v1.0; 2009v1.1; 2009v1.10; 2009v1.2; 2009v1.3; 2009v1.4; 2009v1.5; 2009v1.6; 2009v1.7; 2009v1.8; 2009v1.9; 2010v1.0; 2010v2.0; 2010v3.0; 2010v3.1; 2010v3.2; 2010v3.3; 2010v3.4; 2010v3.5; 2010v3.6; 2010v3.7,FALSE,NA,FALSE,Cowardin
F9-PC-09-COMPDISQUALTE,"Compensation not included above, or to disqualified persons - Total Expense",F990-PC-PART-09-LINE-06A,/Return/ReturnData/IRS990/CompDisqualPersons/Total,2006v3.0; 2006v3.1; 2006v3.2; 2006v3.3; 2006v4.0; 2006v4.1; 2006v4.2; 2006v4.3; 2006v4.4; 2007v1.0; 2007v1.1; 2007v2.0; 2007v2.1; 2007v2.10; 2007v2.11; 2007v2.12; 2007v2.13; 2007v2.14; 2007v2.2; 2007v2.3; 2007v2.4; 2007v2.5; 2007v2.6; 2007v2.7; 2007v2.8; 2007v2.9; 2008v2.0; 2008v2.1; 2008v2.10; 2008v2.11; 2008v2.12; 2008v2.13; 2008v2.14; 2008v2.2; 2008v2.3; 2008v2.4; 2008v2.5; 2008v2.6; 2008v2.7; 2008v2.8; 2008v2.9; 2009v1.0; 2009v1.1; 2009v1.10; 2009v1.2; 2009v1.3; 2009v1.4; 2009v1.5; 2009v1.6; 2009v1.7; 2009v1.8; 2009v1.9; 2010v1.0; 2010v2.0; 2010v3.0; 2010v3.1; 2010v3.2; 2010v3.3; 2010v3.4; 2010v3.5; 2010v3.6; 2010v3.7,FALSE,NA,FALSE,Cowardin
F9-PZ-07-HCICUSADDRSTATE,Highest compensated independent contractor (top 5 above 100K) US address state,F990-PC-PART-07-SECTION-B-LINE-01-COL-A,/Return/ReturnData/IRS990/ContractorCompensationGrp/ContractorAddress/USAddress/State,2013v2.0; 2013v3.0; 2013v3.1; 2013v4.0; 2014v5.0; 2014v6.0; 2015v2.0; 2015v2.1; 2015v3.0,FALSE,"HCIC = Highest Compensated Independent Contractor; will grab all values at this Xpath, up to 5; US address",FALSE,Santamarina
F9-PC-12-FINSTATBOTH,Financial statement issued on consolidated and separate basis,F990-PC-PART-12-LINE-02D,/Return/ReturnData/IRS990/FinancialStatementBoth,2009v1.0; 2009v1.1; 2009v1.10; 2009v1.2; 2009v1.3; 2009v1.4; 2009v1.5; 2009v1.6; 2009v1.7; 2009v1.8; 2009v1.9; 2010v1.0; 2010v2.0; 2010v3.0; 2010v3.1; 2010v3.2; 2010v3.3; 2010v3.4; 2010v3.5; 2010v3.6; 2010v3.7,FALSE,this field disappeared in 2012,TRUE,Polk
F9-PC-12-FINSTATCONSOL,Financial statement issued on consolidated basis,F990-PC-PART-12-LINE-02D,/Return/ReturnData/IRS990/FinancialStatementConsolidated,2009v1.0; 2009v1.1; 2009v1.10; 2009v1.2; 2009v1.3; 2009v1.4; 2009v1.5; 2009v1.6; 2009v1.7; 2009v1.8; 2009v1.9; 2010v1.0; 2010v2.0; 2010v3.0; 2010v3.1; 2010v3.2; 2010v3.3; 2010v3.4; 2010v3.5; 2010v3.6; 2010v3.7,FALSE,this field disappeared in 2012,TRUE,Polk
F9-PC-12-FINSTATSEPRT,Financial statement issued on separate basis,F990-PC-PART-12-LINE-02D,/Return/ReturnData/IRS990/FinancialStatementSeparate,2009v1.0; 2009v1.1; 2009v1.10; 2009v1.2; 2009v1.3; 2009v1.4; 2009v1.5; 2009v1.6; 2009v1.7; 2009v1.8; 2009v1.9; 2010v1.0; 2010v2.0; 2010v3.0; 2010v3.1; 2010v3.2; 2010v3.3; 2010v3.4; 2010v3.5; 2010v3.6; 2010v3.7,FALSE,this field disappeared in 2012,TRUE,Polk
F9-PZ-07-OFDIR1A1UB,Average hours per week,F990-PC-PART-07-LINE-1a1up-COL-B,/Return/ReturnData/IRS990/Form990PartVIISectionA/AverageHoursPerWeek,2008v1.0; 2008v2.0; 2008v2.1; 2008v2.2; 2008v2.3; 2008v2.4; 2008v2.5; 2008v2.6; 2008v2.10; 2008v2.11; 2008v2.12; 2008v2.13; 2008v2.14; 2008v2.7; 2008v2.8; 2008v2.9; 2009v1.0; 2009v1.1; 2009v1.10; 2009v1.2; 2009v1.3; 2009v1.4; 2009v1.5; 2009v1.6; 2009v1.7; 2009v1.8; 2009v1.9; 2010v1.0; 2010v2.0; 2010v3.0; 2010v3.1; 2010v3.2; 2010v3.3; 2010v3.4; 2010v3.5; 2010v3.6; 2010v3.7,FALSE,NA,FALSE,Sokolowski
F9-PC-07-OFDIR1A1C6,Former,F990-PC-PART-07-LINE-1a1-COL-C-POS-6,/Return/ReturnData/IRS990/Form990PartVIISectionA/Former,2008v1.0; 2008v2.0; 2008v2.1; 2008v2.10; 2008v2.11; 2008v2.12; 2008v2.13; 2008v2.14; 2008v2.2; 2008v2.3; 2008v2.4; 2008v2.5; 2008v2.6; 2008v2.7; 2008v2.8; 2008v2.9; 2009v1.0; 2009v1.1; 2009v1.10; 2009v1.2; 2009v1.3; 2009v1.4; 2009v1.5; 2009v1.6; 2009v1.7; 2009v1.8; 2009v1.9; 2010v1.0; 2010v2.0; 2010v3.0; 2010v3.1; 2010v3.2; 2010v3.3; 2010v3.4; 2010v3.5; 2010v3.6; 2010v3.7,FALSE,NA,FALSE,Sokolowski
F9-PC-07-OFDIR1A1C1,Individual trustee or director,F990-PC-PART-07-LINE-1a1-COL-C-POS-1,/Return/ReturnData/IRS990/Form990PartVIISectionA/IndividualTrusteeOrDirector,2008v1.0; 2008v2.0; 2008v2.1; 2008v2.10; 2008v2.11; 2008v2.12; 2008v2.13; 2008v2.14; 2008v2.2; 2008v2.3; 2008v2.4; 2008v2.5; 2008v2.6; 2008v2.7; 2008v2.8; 2008v2.9; 2009v1.0; 2009v1.1; 2009v1.10; 2009v1.2; 2009v1.3; 2009v1.4; 2009v1.5; 2009v1.6; 2009v1.7; 2009v1.8; 2009v1.9; 2010v1.0; 2010v2.0; 2010v3.0; 2010v3.1; 2010v3.2; 2010v3.3; 2010v3.4; 2010v3.5; 2010v3.6; 2010v3.7,FALSE,NA,FALSE,Sokolowski
F9-PC-07-OFDIR1A1C2,Institutional Trustee,F990-PC-PART-07-LINE-1a1-COL-C-POS-2,/Return/ReturnData/IRS990/Form990PartVIISectionA/InstitutionalTrustee,2008v1.0; 2008v2.0; 2008v2.1; 2008v2.10; 2008v2.11; 2008v2.12; 2008v2.13; 2008v2.14; 2008v2.2; 2008v2.3; 2008v2.4; 2008v2.5; 2008v2.6; 2008v2.7; 2008v2.8; 2008v2.9; 2009v1.0; 2009v1.1; 2009v1.10; 2009v1.2; 2009v1.3; 2009v1.4; 2009v1.5; 2009v1.6; 2009v1.7; 2009v1.8; 2009v1.9; 2010v1.0; 2010v2.0; 2010v3.0; 2010v3.1; 2010v3.2; 2010v3.3; 2010v3.4; 2010v3.5; 2010v3.6; 2010v3.7,FALSE,NA,FALSE,Sokolowski
F9-PC-07-OFDIR1A1C4,Key Employee,F990-PC-PART-07-LINE-1a1-COL-C-POS-4,/Return/ReturnData/IRS990/Form990PartVIISectionA/KeyEmployee,2008v1.0; 2008v2.0; 2008v2.1; 2008v2.10; 2008v2.11; 2008v2.12; 2008v2.13; 2008v2.14; 2008v2.2; 2008v2.3; 2008v2.4; 2008v2.5; 2008v2.6; 2008v2.7; 2008v2.8; 2008v2.9; 2009v1.0; 2009v1.1; 2009v1.10; 2009v1.2; 2009v1.3; 2009v1.4; 2009v1.5; 2009v1.6; 2009v1.7; 2009v1.8; 2009v1.9; 2010v1.0; 2010v2.0; 2010v3.0; 2010v3.1; 2010v3.2; 2010v3.3; 2010v3.4; 2010v3.5; 2010v3.6; 2010v3.7,FALSE,NA,FALSE,Sokolowski
F9-PC-07-OFDIR1A1C3,Officer,F990-PC-PART-07-LINE-1a1-COL-C-POS-3,/Return/ReturnData/IRS990/Form990PartVIISectionA/Officer,2008v1.0; 2008v2.0; 2008v2.1; 2008v2.10; 2008v2.11; 2008v2.12; 2008v2.13; 2008v2.14; 2008v2.2; 2008v2.3; 2008v2.4; 2008v2.5; 2008v2.6; 2008v2.7; 2008v2.8; 2008v2.9; 2009v1.0; 2009v1.1; 2009v1.10; 2009v1.2; 2009v1.3; 2009v1.4; 2009v1.5; 2009v1.6; 2009v1.7; 2009v1.8; 2009v1.9; 2010v1.0; 2010v2.0; 2010v3.0; 2010v3.1; 2010v3.2; 2010v3.3; 2010v3.4; 2010v3.5; 2010v3.6; 2010v3.7,FALSE,NA,FALSE,Sokolowski
F9-PZ-07-OFDIR1A1F,Other compensation,F990-PC-PART-07-LINE-1a1-COL-F,/Return/ReturnData/IRS990/Form990PartVIISectionA/OtherCompensation,2008v1.0; 2008v2.0; 2008v2.1; 2008v2.10; 2008v2.11; 2008v2.12; 2008v2.13; 2008v2.14; 2008v2.2; 2008v2.3; 2008v2.4; 2008v2.5; 2008v2.6; 2008v2.7; 2008v2.8; 2008v2.9; 2009v1.0; 2009v1.1; 2009v1.10; 2009v1.2; 2009v1.3; 2009v1.4; 2009v1.5; 2009v1.6; 2009v1.7; 2009v1.8; 2009v1.9; 2010v1.0; 2010v2.0; 2010v3.0; 2010v3.1; 2010v3.2; 2010v3.3; 2010v3.4; 2010v3.5; 2010v3.6; 2010v3.7,FALSE,NA,FALSE,Sokolowski
F9-PZ-07-OFDIR1A1D,Reportable compensation from organization,F990-PC-PART-07-LINE-1a1-COL-D,/Return/ReturnData/IRS990/Form990PartVIISectionA/ReportableCompFromOrganization,2008v1.0; 2008v2.0; 2008v2.1; 2008v2.10; 2008v2.11; 2008v2.12; 2008v2.13; 2008v2.14; 2008v2.2; 2008v2.3; 2008v2.4; 2008v2.5; 2008v2.6; 2008v2.7; 2008v2.8; 2008v2.9; 2009v1.0; 2009v1.1; 2009v1.10; 2009v1.2; 2009v1.3; 2009v1.4; 2009v1.5; 2009v1.6; 2009v1.7; 2009v1.8; 2009v1.9; 2010v1.0; 2010v2.0; 2010v3.0; 2010v3.1; 2010v3.2; 2010v3.3; 2010v3.4; 2010v3.5; 2010v3.6; 2010v3.7,FALSE,NA,FALSE,Sokolowski
F9-PZ-07-OFDIR1A1E,Reportable compensation from related organizations,F990-PC-PART-07-LINE-1a1-COL-E,/Return/ReturnData/IRS990/Form990PartVIISectionA/ReportableCompFromRelatedOrgs,2008v1.0; 2008v2.0; 2008v2.1; 2008v2.10; 2008v2.11; 2008v2.12; 2008v2.13; 2008v2.14; 2008v2.2; 2008v2.3; 2008v2.4; 2008v2.5; 2008v2.6; 2008v2.7; 2008v2.8; 2008v2.9; 2009v1.0; 2009v1.1; 2009v1.10; 2009v1.2; 2009v1.3; 2009v1.4; 2009v1.5; 2009v1.6; 2009v1.7; 2009v1.8; 2009v1.9; 2010v1.0; 2010v2.0; 2010v3.0; 2010v3.1; 2010v3.2; 2010v3.3; 2010v3.4; 2010v3.5; 2010v3.6; 2010v3.7,FALSE,NA,FALSE,Sokolowski
F9-PZ-07-OFDIR1A1LA,Title,F990-PC-PART-07-LINE-1a1low-COL-A,/Return/ReturnData/IRS990/Form990PartVIISectionA/Title,2008v1.0; 2008v2.0; 2008v2.1; 2008v2.10; 2008v2.11; 2008v2.12; 2008v2.13; 2008v2.14; 2008v2.2; 2008v2.3; 2008v2.4; 2008v2.5; 2008v2.6; 2008v2.7; 2008v2.8; 2008v2.9; 2009v1.0; 2009v1.1; 2009v1.10; 2009v1.2; 2009v1.3; 2009v1.4; 2009v1.5; 2009v1.6; 2009v1.7; 2009v1.8; 2009v1.9; 2010v1.0; 2010v2.0; 2010v3.0; 2010v3.1; 2010v3.2; 2010v3.3; 2010v3.4; 2010v3.5; 2010v3.6; 2010v3.7,FALSE,NA,FALSE,Sokolowski
F9-PC-12-AUDIT,Financial sheets audited?,F990-PC-PART-12-LINE-02B,/Return/ReturnData/IRS990/FSAudited,2008v2.0; 2008v2.1; 2008v2.10; 2008v2.11; 2008v2.12; 2008v2.13; 2008v2.14; 2008v2.2; 2008v2.3; 2008v2.4; 2008v2.5; 2008v2.6; 2008v2.7; 2008v2.8; 2008v2.9; 2009v1.0; 2009v1.1; 2009v1.10; 2009v1.2; 2009v1.3; 2009v1.4; 2009v1.5; 2009v1.6; 2009v1.7; 2009v1.8; 2009v1.9; 2010v1.0; 2010v2.0; 2010v3.0; 2010v3.1; 2010v3.2; 2010v3.3; 2010v3.4; 2010v3.5; 2010v3.6; 2010v3.7,TRUE,NA,FALSE,Polk
F9-PC-08-GRSINCFDRSGEVT,8a-1,F990-PC-PART-08-LINE-8a-1,/Return/ReturnData/IRS990/GrossIncomeFundraisingEvents,2008v2.0; 2008v2.1; 2008v2.2; 2008v2.3; 2008v2.4; 2008v2.5; 2008v2.6; 2008v2.7; 2008v2.8; 2008v2.9; 2009v1.0; 2009v1.1; 2008v2.10; 2008v2.11; 2008v2.12; 2008v2.13; 2008v2.14; 2009v1.10; 2009v1.2; 2009v1.3; 2009v1.4; 2009v1.5; 2009v1.6; 2009v1.7; 2009v1.8; 2009v1.9; 2010v1.0; 2010v2.0; 2010v3.0; 2010v3.1; 2010v3.2; 2010v3.3; 2010v3.4; 2010v3.5; 2010v3.6; 2010v3.7,FALSE,NA,FALSE,Doyle & Ward
F9-PZ-00-GROSSRECEIPTS,Gross Receipts (Header),F990-PC-PART-00-SECTION-G,/Return/ReturnData/IRS990/GrossReceipts,2003V21; 2004v1.0; 2005v3.0; 2005v3.1; 2005v3.2; 2005v3.3; 2005v4.0; 2005v4.1; 2006v3.0; 2006v3.1; 2006v3.2; 2006v3.3; 2006v4.0; 2006v4.1; 2006v4.2; 2006v4.3; 2006v4.4; 2007v1.0; 2007v1.1; 2007v2.0; 2007v2.1; 2007v2.10; 2007v2.11; 2007v2.12; 2007v2.13; 2007v2.14; 2007v2.2; 2007v2.3; 2007v2.4; 2007v2.5; 2007v2.6; 2007v2.7; 2007v2.8; 2007v2.9; 2008v2.0; 2008v2.1; 2008v2.10; 2008v2.11; 2008v2.12; 2008v2.13; 2008v2.14; 2008v2.2; 2008v2.3; 2008v2.4; 2008v2.5; 2008v2.6; 2008v2.7; 2008v2.8; 2008v2.9; 2009v1.0; 2009v1.1; 2009v1.10; 2009v1.2; 2009v1.3; 2009v1.4; 2009v1.5; 2009v1.6; 2009v1.7; 2009v1.8; 2009v1.9; 2010v1.0; 2010v2.0; 2010v3.0; 2010v3.1; 2010v3.2; 2010v3.3; 2010v3.4; 2010v3.5; 2010v3.6; 2010v3.7,FALSE,NA,FALSE,Petruzzelli
F9-PZ-00-GRPEXEMPNUM,Group exemption number,F990-PC-PART-00-SECTION-HC,/Return/ReturnData/IRS990/GroupExemptionNumber,2003V21; 2004v1.0; 2005v3.0; 2005v3.1; 2005v3.2; 2005v3.3; 2005v4.0; 2005v4.1; 2006v3.0; 2006v3.1; 2006v3.2; 2006v3.3; 2006v4.0; 2006v4.1; 2006v4.2; 2006v4.3; 2006v4.4; 2007v1.0; 2007v1.1; 2007v2.0; 2007v2.1; 2007v2.10; 2007v2.11; 2007v2.12; 2007v2.13; 2007v2.14; 2007v2.2; 2007v2.3; 2007v2.4; 2007v2.5; 2007v2.6; 2007v2.7; 2007v2.8; 2007v2.9; 2008v2.0; 2008v2.1; 2008v2.10; 2008v2.11; 2008v2.12; 2008v2.13; 2008v2.14; 2008v2.2; 2008v2.3; 2008v2.4; 2008v2.5; 2008v2.6; 2008v2.7; 2008v2.8; 2008v2.9; 2009v1.0; 2009v1.1; 2009v1.10; 2009v1.2; 2009v1.3; 2009v1.4; 2009v1.5; 2009v1.6; 2009v1.7; 2009v1.8; 2009v1.9; 2010v1.0; 2010v2.0; 2010v3.0; 2010v3.1; 2010v3.2; 2010v3.3; 2010v3.4; 2010v3.5; 2010v3.6; 2010v3.7,FALSE,NA,FALSE,Petruzzelli
F9-PC-09-INFRRSTFR,Interest- Fundraising Expenses,F990-PC-PART-09-LINE-20D,/Return/ReturnData/IRS990/Interest/Fundraising,2003V21; 2004v1.0; 2005v3.0; 2005v3.1; 2005v3.2; 2005v3.3; 2005v4.0; 2005v4.1; 2006v3.0; 2006v3.1; 2006v3.2; 2006v3.3; 2006v4.0; 2006v4.1; 2006v4.2; 2006v4.3; 2006v4.4; 2007v1.0; 2007v1.1; 2007v2.0; 2007v2.1; 2007v2.10; 2007v2.11; 2007v2.12; 2007v2.13; 2007v2.14; 2007v2.2; 2007v2.3; 2007v2.4; 2007v2.5; 2007v2.6; 2007v2.7; 2007v2.8; 2007v2.9; 2008v2.0; 2008v2.1; 2008v2.10; 2008v2.11; 2008v2.12; 2008v2.13; 2008v2.14; 2008v2.2; 2008v2.3; 2008v2.4; 2008v2.5; 2008v2.6; 2008v2.7; 2008v2.8; 2008v2.9; 2009v1.0; 2009v1.1; 2009v1.10; 2009v1.2; 2009v1.3; 2009v1.4; 2009v1.5; 2009v1.6; 2009v1.7; 2009v1.8; 2009v1.9; 2010v1.0; 2010v2.0; 2010v3.0; 2010v3.1; 2010v3.2; 2010v3.3; 2010v3.4; 2010v3.5; 2010v3.6; 2010v3.7,FALSE,NA,FALSE,Cowardin
F9-PC-09-INMAGRSTMAG,Interest- Management and General,F990-PC-PART-09-LINE-20C,/Return/ReturnData/IRS990/Interest/ManagementAndGeneral,2003V21; 2004v1.0; 2005v3.0; 2005v3.1; 2005v3.2; 2005v3.3; 2005v4.0; 2005v4.1; 2006v3.0; 2006v3.1; 2006v3.2; 2006v3.3; 2006v4.0; 2006v4.1; 2006v4.2; 2006v4.3; 2006v4.4; 2007v1.0; 2007v1.1; 2007v2.0; 2007v2.1; 2007v2.10; 2007v2.11; 2007v2.12; 2007v2.13; 2007v2.14; 2007v2.2; 2007v2.3; 2007v2.4; 2007v2.5; 2007v2.6; 2007v2.7; 2007v2.8; 2007v2.9; 2008v2.0; 2008v2.1; 2008v2.10; 2008v2.11; 2008v2.12; 2008v2.13; 2008v2.14; 2008v2.2; 2008v2.3; 2008v2.4; 2008v2.5; 2008v2.6; 2008v2.7; 2008v2.8; 2008v2.9; 2009v1.0; 2009v1.1; 2009v1.10; 2009v1.2; 2009v1.3; 2009v1.4; 2009v1.5; 2009v1.6; 2009v1.7; 2009v1.8; 2009v1.9; 2010v1.0; 2010v2.0; 2010v3.0; 2010v3.1; 2010v3.2; 2010v3.3; 2010v3.4; 2010v3.5; 2010v3.6; 2010v3.7,FALSE,NA,FALSE,Cowardin
F9-PC-09-INPSERSTPSE,Interest- Program Service Expenses,F990-PC-PART-09-LINE-20B,/Return/ReturnData/IRS990/Interest/ProgramServices,2003V21; 2004v1.0; 2005v3.0; 2005v3.1; 2005v3.2; 2005v3.3; 2005v4.0; 2005v4.1; 2006v3.0; 2006v3.1; 2006v3.2; 2006v3.3; 2006v4.0; 2006v4.1; 2006v4.2; 2006v4.3; 2006v4.4; 2007v1.0; 2007v1.1; 2007v2.0; 2007v2.1; 2007v2.10; 2007v2.11; 2007v2.12; 2007v2.13; 2007v2.14; 2007v2.2; 2007v2.3; 2007v2.4; 2007v2.5; 2007v2.6; 2007v2.7; 2007v2.8; 2007v2.9; 2008v2.0; 2008v2.1; 2008v2.10; 2008v2.11; 2008v2.12; 2008v2.13; 2008v2.14; 2008v2.2; 2008v2.3; 2008v2.4; 2008v2.5; 2008v2.6; 2008v2.7; 2008v2.8; 2008v2.9; 2009v1.0; 2009v1.1; 2009v1.10; 2009v1.2; 2009v1.3; 2009v1.4; 2009v1.5; 2009v1.6; 2009v1.7; 2009v1.8; 2009v1.9; 2010v1.0; 2010v2.0; 2010v3.0; 2010v3.1; 2010v3.2; 2010v3.3; 2010v3.4; 2010v3.5; 2010v3.6; 2010v3.7,FALSE,NA,FALSE,Cowardin
F9-PC-09-INTERSTTE,Interest- total expense,F990-PC-PART-09-LINE-20A,/Return/ReturnData/IRS990/Interest/Total,2003V21; 2004v1.0; 2005v3.0; 2005v3.1; 2005v3.2; 2005v3.3; 2005v4.0; 2005v4.1; 2006v3.0; 2006v3.1; 2006v3.2; 2006v3.3; 2006v4.0; 2006v4.1; 2006v4.2; 2006v4.3; 2006v4.4; 2007v1.0; 2007v1.1; 2007v2.0; 2007v2.1; 2007v2.10; 2007v2.11; 2007v2.12; 2007v2.13; 2007v2.14; 2007v2.2; 2007v2.3; 2007v2.4; 2007v2.5; 2007v2.6; 2007v2.7; 2007v2.8; 2007v2.9; 2008v2.0; 2008v2.1; 2008v2.10; 2008v2.11; 2008v2.12; 2008v2.13; 2008v2.14; 2008v2.2; 2008v2.3; 2008v2.4; 2008v2.5; 2008v2.6; 2008v2.7; 2008v2.8; 2008v2.9; 2009v1.0; 2009v1.1; 2009v1.10; 2009v1.2; 2009v1.3; 2009v1.4; 2009v1.5; 2009v1.6; 2009v1.7; 2009v1.8; 2009v1.9; 2010v1.0; 2010v2.0; 2010v3.0; 2010v3.1; 2010v3.2; 2010v3.3; 2010v3.4; 2010v3.5; 2010v3.6; 2010v3.7,FALSE,NA,FALSE,Cowardin
F9-PC-12-ACCTACCRU,Method of accounting - Accrual,F990-PC-PART-12-LINE-01,/Return/ReturnData/IRS990/MethodOfAccountingAccrual,2008v2.0; 2008v2.1; 2008v2.10; 2008v2.11; 2008v2.12; 2008v2.13; 2008v2.14; 2008v2.2; 2008v2.3; 2008v2.4; 2008v2.5; 2008v2.6; 2008v2.7; 2008v2.8; 2008v2.9; 2009v1.0; 2009v1.1; 2009v1.10; 2009v1.2; 2009v1.3; 2009v1.4; 2009v1.5; 2009v1.6; 2009v1.7; 2009v1.8; 2009v1.9; 2010v1.0; 2010v2.0; 2010v3.0; 2010v3.1; 2010v3.2; 2010v3.3; 2010v3.4; 2010v3.5; 2010v3.6; 2010v3.7,FALSE,NA,FALSE,Polk
F9-PC-12-ACCTCASH,Method of accounting - Cash,F990-PC-PART-12-LINE-01,/Return/ReturnData/IRS990/MethodOfAccountingCash,2008v2.0; 2008v2.1; 2008v2.10; 2008v2.11; 2008v2.12; 2008v2.13; 2008v2.14; 2008v2.2; 2008v2.3; 2008v2.4; 2008v2.5; 2008v2.6; 2008v2.7; 2008v2.8; 2008v2.9; 2009v1.0; 2009v1.1; 2009v1.10; 2009v1.2; 2009v1.3; 2009v1.4; 2009v1.5; 2009v1.6; 2009v1.7; 2009v1.8; 2009v1.9; 2010v1.0; 2010v2.0; 2010v3.0; 2010v3.1; 2010v3.2; 2010v3.3; 2010v3.4; 2010v3.5; 2010v3.6; 2010v3.7,FALSE,NA,FALSE,Polk
F9-PC-12-ACCTOTH,Method of accounting - Other,F990-PC-PART-12-LINE-01,/Return/ReturnData/IRS990/MethodOfAccountingOther,2008v2.0; 2008v2.1; 2008v2.10; 2008v2.11; 2008v2.12; 2008v2.13; 2008v2.14; 2008v2.2; 2008v2.3; 2008v2.4; 2008v2.5; 2008v2.6; 2008v2.7; 2008v2.8; 2008v2.9; 2009v1.0; 2009v1.1; 2009v1.10; 2009v1.2; 2009v1.3; 2009v1.4; 2009v1.5; 2009v1.6; 2009v1.7; 2009v1.8; 2009v1.9; 2010v1.0; 2010v2.0; 2010v3.0; 2010v3.1; 2010v3.2; 2010v3.3; 2010v3.4; 2010v3.5; 2010v3.6; 2010v3.7,FALSE,NA,FALSE,Polk
F9-PC-08-TOTNETFDRSGEVT,8c-A,F990-PC-PART-08-LINE-8c-A,/Return/ReturnData/IRS990/NetIncomeFromFundraisingEvents/TotalRevenueColumn,2008v2.0; 2008v2.1; 2008v2.10; 2008v2.11; 2008v2.12; 2008v2.13; 2008v2.14; 2008v2.2; 2008v2.3; 2008v2.4; 2008v2.5; 2008v2.6; 2008v2.7; 2008v2.8; 2008v2.9; 2009v1.0; 2009v1.1; 2009v1.10; 2009v1.2; 2009v1.3; 2009v1.4; 2009v1.5; 2009v1.6; 2009v1.7; 2009v1.8; 2009v1.9; 2010v1.0; 2010v2.0; 2010v3.0; 2010v3.1; 2010v3.2; 2010v3.3; 2010v3.4; 2010v3.5; 2010v3.6; 2010v3.7,FALSE,NA,FALSE,Doyle & Ward
F9-PC-09-OCCUPANCYFR,Occupancy - Fundraising Expenses,F990-PC-PART-09-LINE-16D,/Return/ReturnData/IRS990/Occupancy/Fundraising,2003V21; 2004v1.0; 2005v3.0; 2005v3.1; 2005v3.2; 2005v3.3; 2005v4.0; 2005v4.1; 2006v3.0; 2006v3.1; 2006v3.2; 2006v3.3; 2006v4.0; 2006v4.1; 2006v4.2; 2006v4.3; 2006v4.4; 2007v1.0; 2007v1.1; 2007v2.0; 2007v2.1; 2007v2.10; 2007v2.11; 2007v2.12; 2007v2.13; 2007v2.14; 2007v2.2; 2007v2.3; 2007v2.4; 2007v2.5; 2007v2.6; 2007v2.7; 2007v2.8; 2007v2.9; 2008v2.0; 2008v2.1; 2008v2.10; 2008v2.11; 2008v2.12; 2008v2.13; 2008v2.14; 2008v2.2; 2008v2.3; 2008v2.4; 2008v2.5; 2008v2.6; 2008v2.7; 2008v2.8; 2008v2.9; 2009v1.0; 2009v1.1; 2009v1.10; 2009v1.2; 2009v1.3; 2009v1.4; 2009v1.5; 2009v1.6; 2009v1.7; 2009v1.8; 2009v1.9; 2010v1.0; 2010v2.0; 2010v3.0; 2010v3.1; 2010v3.2; 2010v3.3; 2010v3.4; 2010v3.5; 2010v3.6; 2010v3.7,FALSE,NA,FALSE,Cowardin
F9-PC-09-OCCUPANCYMAG,Occupancy - Management and General,F990-PC-PART-09-LINE-16C,/Return/ReturnData/IRS990/Occupancy/ManagementAndGeneral,2003V21; 2004v1.0; 2005v3.0; 2005v3.1; 2005v3.2; 2005v3.3; 2005v4.0; 2005v4.1; 2006v3.0; 2006v3.1; 2006v3.2; 2006v3.3; 2006v4.0; 2006v4.1; 2006v4.2; 2006v4.3; 2006v4.4; 2007v1.0; 2007v1.1; 2007v2.0; 2007v2.1; 2007v; 2008v2.0; 2008v2.1; 2008v2.10; 2008v2.11; 2008v2.12; 2008v2.13; 2008v2.14; 2008v2.2; 2008v2.3; 2008v2.4; 2008v2.5; 2008v2.6; 2008v2.7; 2008v2.8; 2008v2.9; 2009v1.0; 2009v1.1; 2009v1.10; 2009v1.2; 2009v1.3; 2009v1.4; 2009v1.5; 2009v1.6; 2009v1.7; 2009v1.8; 2009v1.9; 2010v1.0; 2010v2.0; 2010v3.0; 2010v3.1; 2010v3.2; 2010v3.3; 2010v3.4; 2010v3.5; 2010v3.6; 2010v3.72.10; 2007v2.11; 2007v2.12; 2007v2.13; 2007v2.14; 2007v2.2; 2007v2.3; 2007v2.4; 2007v2.5; 2007v2.6; 2007v2.7; 2007v2.8; 2007v2.9,FALSE,NA,FALSE,Cowardin
F9-PC-09-OCCUPANCYPSE,Occupancy - Program Service Expenses,F990-PC-PART-09-LINE-16B,/Return/ReturnData/IRS990/Occupancy/ProgramServices,2003V21; 2004v1.0; 2005v3.0; 2005v3.1; 2005v3.2; 2005v3.3; 2005v4.0; 2005v4.1; 2006v3.0; 2006v3.1; 2006v3.2; 2006v3.3; 2006v4.0; 2006v4.1; 2006v4.2; 2006v4.3; 2006v4.4; 2007v1.0; 2007v1.1; 2007v2.0; 2007v2.1; 2007v2.10; 2007v2.11; 2007v2.12; 2007v2.13; 2007v2.14; 2007v2.2; 2007v2.3; 2007v2.4; 2007v2.5; 2007v2.6; 2007v2.7; 2007v2.8; 2007v2.9; 2008v2.0; 2008v2.1; 2008v2.10; 2008v2.11; 2008v2.12; 2008v2.13; 2008v2.14; 2008v2.2; 2008v2.3; 2008v2.4; 2008v2.5; 2008v2.6; 2008v2.7; 2008v2.8; 2008v2.9; 2009v1.0; 2009v1.1; 2009v1.10; 2009v1.2; 2009v1.3; 2009v1.4; 2009v1.5; 2009v1.6; 2009v1.7; 2009v1.8; 2009v1.9; 2010v1.0; 2010v2.0; 2010v3.0; 2010v3.1; 2010v3.2; 2010v3.3; 2010v3.4; 2010v3.5; 2010v3.6; 2010v3.7,FALSE,NA,FALSE,Cowardin
F9-PC-09-OCCUPANCYTE,Occupancy - total expense,F990-PC-PART-09-LINE-16A,/Return/ReturnData/IRS990/Occupancy/Total,2003V21; 2004v1.0; 2005v3.0; 2005v3.1; 2005v3.2; 2005v3.3; 2005v4.0; 2005v4.1; 2006v3.0; 2006v3.1; 2006v3.2; 2006v3.3; 2006v4.0; 2006v4.1; 2006v4.2; 2006v4.3; 2006v4.4; 2007v1.0; 2007v1.1; 2007v2.0; 2007v2.1; 2007v2.10; 2007v2.11; 2007v2.12; 2007v2.13; 2007v2.14; 2007v2.2; 2007v2.3; 2007v2.4; 2007v2.5; 2007v2.6; 2007v2.7; 2007v2.8; 2007v2.9; 2008v2.0; 2008v2.1; 2008v2.10; 2008v2.11; 2008v2.12; 2008v2.13; 2008v2.14; 2008v2.2; 2008v2.3; 2008v2.4; 2008v2.5; 2008v2.6; 2008v2.7; 2008v2.8; 2008v2.9; 2009v1.0; 2009v1.1; 2009v1.10; 2009v1.2; 2009v1.3; 2009v1.4; 2009v1.5; 2009v1.6; 2009v1.7; 2009v1.8; 2009v1.9; 2010v1.0; 2010v2.0; 2010v3.0; 2010v3.1; 2010v3.2; 2010v3.3; 2010v3.4; 2010v3.5; 2010v3.6; 2010v3.7,FALSE,NA,FALSE,Cowardin
F9-PZ-00-EXEMPT4947A1,Indicates a 4947(a)(1) organization,F990-PC-PART-00-SECTION-I,/Return/ReturnData/IRS990/Organization4947a1,2003V21; 2004v1.0; 2005v3.0; 2005v3.1; 2005v3.2; 2005v3.3; 2005v4.0; 2005v4.1; 2006v3.0; 2006v3.1; 2006v3.2; 2006v3.3; 2006v4.0; 2006v4.1; 2006v4.2; 2006v4.3; 2006v4.4; 2007v1.0; 2007v1.1; 2007v2.0; 2007v2.1; 2007v2.10; 2007v2.11; 2007v2.12; 2007v2.13; 2007v2.14; 2007v2.2; 2007v2.3; 2007v2.4; 2007v2.5; 2007v2.6; 2007v2.7; 2007v2.8; 2007v2.9; 2008v2.0; 2008v2.1; 2008v2.10; 2008v2.11; 2008v2.12; 2008v2.13; 2008v2.14; 2008v2.2; 2008v2.3; 2008v2.4; 2008v2.5; 2008v2.6; 2008v2.7; 2008v2.8; 2008v2.9; 2009v1.0; 2009v1.1; 2009v1.10; 2009v1.2; 2009v1.3; 2009v1.4; 2009v1.5; 2009v1.6; 2009v1.7; 2009v1.8; 2009v1.9; 2010v1.0; 2010v2.0; 2010v3.0; 2010v3.1; 2010v3.2; 2010v3.3; 2010v3.4; 2010v3.5; 2010v3.6; 2010v3.7,FALSE,NA,FALSE,Petruzzelli
F9-PZ-00-EXEMPT501C,Indicates a 501(c) organization,F990-PC-PART-00-SECTION-I,/Return/ReturnData/IRS990/Organization501c,2003V21; 2004v1.0; 2005v3.0; 2005v3.1; 2005v3.2; 2005v3.3; 2005v4.0; 2005v4.1; 2006v3.0; 2006v3.1; 2006v3.2; 2006v3.3; 2006v4.0; 2006v4.1; 2006v4.2; 2006v4.3; 2006v4.4; 2007v1.0; 2007v1.1; 2007v2.0; 2007v2.1; 2007v2.10; 2007v2.11; 2007v2.12; 2007v2.13; 2007v2.14; 2007v2.2; 2007v2.3; 2007v2.4; 2007v2.5; 2007v2.6; 2007v2.7; 2007v2.8; 2007v2.9; 2008v2.0; 2008v2.1; 2008v2.10; 2008v2.11; 2008v2.12; 2008v2.13; 2008v2.14; 2008v2.2; 2008v2.3; 2008v2.4; 2008v2.5; 2008v2.6; 2008v2.7; 2008v2.8; 2008v2.9; 2009v1.0; 2009v1.1; 2009v1.10; 2009v1.2; 2009v1.3; 2009v1.4; 2009v1.5; 2009v1.6; 2009v1.7; 2009v1.8; 2009v1.9; 2010v1.0; 2010v2.0; 2010v3.0; 2010v3.1; 2010v3.2; 2010v3.3; 2010v3.4; 2010v3.5; 2010v3.6; 2010v3.7,FALSE,NA,FALSE,Petruzzelli
F9-PC-09-OTHEREMPBENEFR,Other Employee Benefits - Fundraising Expenses,F990-PC-PART-09-LINE-09D,/Return/ReturnData/IRS990/OtherEmployeeBenefits/Fundraising,2003V21; 2004v1.0; 2005v3.0; 2005v3.1; 2005v3.2; 2005v3.3; 2005v4.0; 2005v4.1; 2006v3.0; 2006v3.1; 2006v3.2; 2006v3.3; 2006v4.0; 2006v4.1; 2006v4.2; 2006v4.3; 2006v4.4; 2007v1.0; 2007v1.1; 2007v2.0; 2007v2.1; 2007v2.10; 2007v2.11; 2007v2.12; 2007v2.13; 2007v2.14; 2007v2.2; 2007v2.3; 2007v2.4; 2007v2.5; 2007v2.6; 2007v2.7; 2007v2.8; 2007v2.9; 2008v2.0; 2008v2.1; 2008v2.10; 2008v2.11; 2008v2.12; 2008v2.13; 2008v2.14; 2008v2.2; 2008v2.3; 2008v2.4; 2008v2.5; 2008v2.6; 2008v2.7; 2008v2.8; 2008v2.9; 2009v1.0; 2009v1.1; 2009v1.10; 2009v1.2; 2009v1.3; 2009v1.4; 2009v1.5; 2009v1.6; 2009v1.7; 2009v1.8; 2009v1.9; 2010v1.0; 2010v2.0; 2010v3.0; 2010v3.1; 2010v3.2; 2010v3.3; 2010v3.4; 2010v3.5; 2010v3.6; 2010v3.7,FALSE,NA,FALSE,Cowardin
F9-PC-09-OTHEREMPBENEMAG,Other Employee Benefits - Management and General,F990-PC-PART-09-LINE-09C,/Return/ReturnData/IRS990/OtherEmployeeBenefits/ManagementAndGeneral,2003V21; 2004v1.0; 2005v3.0; 2005v3.1; 2005v3.2; 2005v3.3; 2005v4.0; 2005v4.1; 2006v3.0; 2006v3.1; 2006v3.2; 2006v3.3; 2006v4.0; 2006v4.1; 2006v4.2; 2006v4.3; 2006v4.4; 2007v1.0; 2007v1.1; 2007v2.0; 2007v2.1; 2007v2.10; 2007v2.11; 2007v2.12; 2007v2.13; 2007v2.14; 2007v2.2; 2007v2.3; 2007v2.4; 2007v2.5; 2007v2.6; 2007v2.7; 2007v2.8; 2007v2.9; 2008v2.0; 2008v2.1; 2008v2.10; 2008v2.11; 2008v2.12; 2008v2.13; 2008v2.14; 2008v2.2; 2008v2.3; 2008v2.4; 2008v2.5; 2008v2.6; 2008v2.7; 2008v2.8; 2008v2.9; 2009v1.0; 2009v1.1; 2009v1.10; 2009v1.2; 2009v1.3; 2009v1.4; 2009v1.5; 2009v1.6; 2009v1.7; 2009v1.8; 2009v1.9; 2010v1.0; 2010v2.0; 2010v3.0; 2010v3.1; 2010v3.2; 2010v3.3; 2010v3.4; 2010v3.5; 2010v3.6; 2010v3.7,FALSE,NA,FALSE,Cowardin
F9-PC-09-OTHEREMPBENETE,Other Employee Benefits - Total Expense,F990-PC-PART-09-LINE-09A,/Return/ReturnData/IRS990/OtherEmployeeBenefits/Total,2003V21; 2004v1.0; 2005v3.0; 2005v3.1; 2005v3.2; 2005v3.3; 2005v4.0; 2005v4.1; 2006v3.0; 2006v3.1; 2006v3.2; 2006v3.3; 2006v4.0; 2006v4.1; 2006v4.2; 2006v4.3; 2006v4.4; 2007v1.0; 2007v1.1; 2007v2.0; 2007v2.1; 2007v2.10; 2007v2.11; 2007v2.12; 2007v2.13; 2007v2.14; 2007v2.2; 2007v2.3; 2007v2.4; 2007v2.5; 2007v2.6; 2007v2.7; 2007v2.8; 2007v2.9; 2008v2.0; 2008v2.1; 2008v2.10; 2008v2.11; 2008v2.12; 2008v2.13; 2008v2.14; 2008v2.2; 2008v2.3; 2008v2.4; 2008v2.5; 2008v2.6; 2008v2.7; 2008v2.8; 2008v2.9; 2009v1.0; 2009v1.1; 2009v1.10; 2009v1.2; 2009v1.3; 2009v1.4; 2009v1.5; 2009v1.6; 2009v1.7; 2009v1.8; 2009v1.9; 2010v1.0; 2010v2.0; 2010v3.0; 2010v3.1; 2010v3.2; 2010v3.3; 2010v3.4; 2010v3.5; 2010v3.6; 2010v3.7,FALSE,NA,FALSE,Cowardin
F9-PC-09-OTHEREXPPSE,Other expenses - Program Service Expenses,F990-PC-PART-09-LINE-24B,/Return/ReturnData/IRS990/OtherExpenses/ProgramServices,2003V21; 2004v1.0; 2005v3.0; 2005v3.1; 2005v3.2; 2005v3.3; 2005v4.0; 2005v4.1; 2006v3.0; 2006v3.1; 2006v3.2; 2006v3.3; 2006v4.0; 2006v4.1; 2006v4.2; 2006v4.3; 2006v4.4; 2007v1.0; 2007v1.1; 2007v2.0; 2007v2.1; 2007v2.10; 2007v2.11; 2007v2.12; 2007v2.13; 2007v2.14; 2007v2.2; 2007v2.3; 2007v2.4; 2007v2.5; 2007v2.6; 2007v2.7; 2007v2.8; 2007v2.9; 2008v2.0; 2008v2.1; 2008v2.10; 2008v2.11; 2008v2.12; 2008v2.13; 2008v2.14; 2008v2.2; 2008v2.3; 2008v2.4; 2008v2.5; 2008v2.6; 2008v2.7; 2008v2.8; 2008v2.9; 2009v1.0; 2009v1.1; 2009v1.10; 2009v1.2; 2009v1.3; 2009v1.4; 2009v1.5; 2009v1.6; 2009v1.7; 2009v1.8; 2009v1.9; 2010v1.0; 2010v2.0; 2010v3.0; 2010v3.1; 2010v3.2; 2010v3.3; 2010v3.4; 2010v3.5; 2010v3.6; 2010v3.7,FALSE,NA,FALSE,Cowardin
F9-PZ-01-OTHREV,Other revenue,F990-PC-PART-01-LINE-11,/Return/ReturnData/IRS990/OtherRevenue,NA,FALSE,NA,FALSE,Thompson & Schuman
F9-PC-09-OTHERSALARYFR,Other Salaries and Wages - Fundraising Expenses,F990-PC-PART-09-LINE-07D,/Return/ReturnData/IRS990/OtherSalariesAndWages/Fundraising,2003V21; 2004v1.0; 2005v3.0; 2005v3.1; 2005v3.2; 2005v3.3; 2005v4.0; 2005v4.1; 2006v3.0; 2006v3.1; 2006v3.2; 2006v3.3; 2006v4.0; 2006v4.1; 2006v4.2; 2006v4.3; 2006v4.4; 2007v1.0; 2007v1.1; 2007v2.0; 2007v2.1; 2007v2.10; 2007v2.11; 2007v2.12; 2007v2.13; 2007v2.14; 2007v2.2; 2007v2.3; 2007v2.4; 2007v2.5; 2007v2.6; 2007v2.7; 2007v2.8; 2007v2.9; 2008v2.0; 2008v2.1; 2008v2.10; 2008v2.11; 2008v2.12; 2008v2.13; 2008v2.14; 2008v2.2; 2008v2.3; 2008v2.4; 2008v2.5; 2008v2.6; 2008v2.7; 2008v2.8; 2008v2.9; 2009v1.0; 2009v1.1; 2009v1.10; 2009v1.2; 2009v1.3; 2009v1.4; 2009v1.5; 2009v1.6; 2009v1.7; 2009v1.8; 2009v1.9; 2010v1.0; 2010v2.0; 2010v3.0; 2010v3.1; 2010v3.2; 2010v3.3; 2010v3.4; 2010v3.5; 2010v3.6; 2010v3.7,FALSE,NA,FALSE,Cowardin
F9-PC-09-OTHERSALARYPSE,Other Salaries and Wages - Program Service Expenses,F990-PC-PART-09-LINE-07B,/Return/ReturnData/IRS990/OtherSalariesAndWages/ProgramServices,2003V21; 2004v1.0; 2005v3.0; 2005v3.1; 2005v3.2; 2005v3.3; 2005v4.0; 2005v4.1; 2006v3.0; 2006v3.1; 2006v3.2; 2006v3.3; 2006v4.0; 2006v4.1; 2006v4.2; 2006v4.3; 2006v4.4; 2007v1.0; 2007v1.1; 2007v2.0; 2007v2.1; 2007v2.10; 2007v2.11; 2007v2.12; 2007v2.13; 2007v2.14; 2007v2.2; 2007v2.3; 2007v2.4; 2007v2.5; 2007v2.6; 2007v2.7; 2007v2.8; 2007v2.9; 2008v2.0; 2008v2.1; 2008v2.10; 2008v2.11; 2008v2.12; 2008v2.13; 2008v2.14; 2008v2.2; 2008v2.3; 2008v2.4; 2008v2.5; 2008v2.6; 2008v2.7; 2008v2.8; 2008v2.9; 2009v1.0; 2009v1.1; 2009v1.10; 2009v1.2; 2009v1.3; 2009v1.4; 2009v1.5; 2009v1.6; 2009v1.7; 2009v1.8; 2009v1.9; 2010v1.0; 2010v2.0; 2010v3.0; 2010v3.1; 2010v3.2; 2010v3.3; 2010v3.4; 2010v3.5; 2010v3.6; 2010v3.7,FALSE,NA,FALSE,Cowardin
F9-PC-09-OTHERSALARYTE,Other Salaries and Wages - Total Expense,F990-PC-PART-09-LINE-07A,/Return/ReturnData/IRS990/OtherSalariesAndWages/Total,2003V21; 2004v1.0; 2005v3.0; 2005v3.1; 2005v3.2; 2005v3.3; 2005v4.0; 2005v4.1; 2006v3.0; 2006v3.1; 2006v3.2; 2006v3.3; 2006v4.0; 2006v4.1; 2006v4.2; 2006v4.3; 2006v4.4; 2007v1.0; 2007v1.1; 2007v2.0; 2007v2.1; 2007v2.10; 2007v2.11; 2007v2.12; 2007v2.13; 2007v2.14; 2007v2.2; 2007v2.3; 2007v2.4; 2007v2.5; 2007v2.6; 2007v2.7; 2007v2.8; 2007v2.9; 2008v2.0; 2008v2.1; 2008v2.10; 2008v2.11; 2008v2.12; 2008v2.13; 2008v2.14; 2008v2.2; 2008v2.3; 2008v2.4; 2008v2.5; 2008v2.6; 2008v2.7; 2008v2.8; 2008v2.9; 2009v1.0; 2009v1.1; 2009v1.10; 2009v1.2; 2009v1.3; 2009v1.4; 2009v1.5; 2009v1.6; 2009v1.7; 2009v1.8; 2009v1.9; 2010v1.0; 2010v2.0; 2010v3.0; 2010v3.1; 2010v3.2; 2010v3.3; 2010v3.4; 2010v3.5; 2010v3.6; 2010v3.7,FALSE,NA,FALSE,Cowardin
F9-PC-09-PAYROLLTAXFR,Payroll Taxes - Fundraising Expenses,F990-PC-PART-09-LINE-10D,/Return/ReturnData/IRS990/PayrollTaxes/Fundraising,2003V21; 2004v1.0; 2005v3.0; 2005v3.1; 2005v3.2; 2005v3.3; 2005v4.0; 2005v4.1; 2006v3.0; 2006v3.1; 2006v3.2; 2006v3.3; 2006v4.0; 2006v4.1; 2006v4.2; 2006v4.3; 2006v4.4; 2007v1.0; 2007v1.1; 2007v2.0; 2007v2.1; 2007v2.10; 2007v2.11; 2007v2.12; 2007v2.13; 2007v2.14; 2007v2.2; 2007v2.3; 2007v2.4; 2007v2.5; 2007v2.6; 2007v2.7; 2007v2.8; 2007v2.9; 2008v2.0; 2008v2.1; 2008v2.10; 2008v2.11; 2008v2.12; 2008v2.13; 2008v2.14; 2008v2.2; 2008v2.3; 2008v2.4; 2008v2.5; 2008v2.6; 2008v2.7; 2008v2.8; 2008v2.9; 2009v1.0; 2009v1.1; 2009v1.10; 2009v1.2; 2009v1.3; 2009v1.4; 2009v1.5; 2009v1.6; 2009v1.7; 2009v1.8; 2009v1.9; 2010v1.0; 2010v2.0; 2010v3.0; 2010v3.1; 2010v3.2; 2010v3.3; 2010v3.4; 2010v3.5; 2010v3.6; 2010v3.7,FALSE,NA,FALSE,Cowardin
F9-PC-09-PAYROLLTAXMAG,Payroll Taxes - Management and General,F990-PC-PART-09-LINE-10C,/Return/ReturnData/IRS990/PayrollTaxes/ManagementAndGeneral,2003V21; 2004v1.0; 2005v3.0; 2005v3.1; 2005v3.2; 2005v3.3; 2005v4.0; 2005v4.1; 2006v3.0; 2006v3.1; 2006v3.2; 2006v3.3; 2006v4.0; 2006v4.1; 2006v4.2; 2006v4.3; 2006v4.4; 2007v1.0; 2007v1.1; 2007v2.0; 2007v2.1; 2007v2.10; 2007v2.11; 2007v2.12; 2007v2.13; 2007v2.14; 2007v2.2; 2007v2.3; 2007v2.4; 2007v2.5; 2007v2.6; 2007v2.7; 2007v2.8; 2007v2.9; 2008v2.0; 2008v2.1; 2008v2.10; 2008v2.11; 2008v2.12; 2008v2.13; 2008v2.14; 2008v2.2; 2008v2.3; 2008v2.4; 2008v2.5; 2008v2.6; 2008v2.7; 2008v2.8; 2008v2.9; 2009v1.0; 2009v1.1; 2009v1.10; 2009v1.2; 2009v1.3; 2009v1.4; 2009v1.5; 2009v1.6; 2009v1.7; 2009v1.8; 2009v1.9; 2010v1.0; 2010v2.0; 2010v3.0; 2010v3.1; 2010v3.2; 2010v3.3; 2010v3.4; 2010v3.5; 2010v3.6; 2010v3.7,FALSE,NA,FALSE,Cowardin
F9-PC-09-PAYROLLTAXPSE,Payroll Taxes - Program Service Expenses,F990-PC-PART-09-LINE-10B,/Return/ReturnData/IRS990/PayrollTaxes/ProgramServices,2003V21; 2004v1.0; 2005v3.0; 2005v3.1; 2005v3.2; 2005v3.3; 2005v4.0; 2005v4.1; 2006v3.0; 2006v3.1; 2006v3.2; 2006v3.3; 2006v4.0; 2006v4.1; 2006v4.2; 2006v4.3; 2006v4.4; 2007v1.0; 2007v1.1; 2007v2.0; 2007v2.1; 2007v2.10; 2007v2.11; 2007v2.12; 2007v2.13; 2007v2.14; 2007v2.2; 2007v2.3; 2007v2.4; 2007v2.5; 2007v2.6; 2007v2.7; 2007v2.8; 2007v2.9; 2008v2.0; 2008v2.1; 2008v2.10; 2008v2.11; 2008v2.12; 2008v2.13; 2008v2.14; 2008v2.2; 2008v2.3; 2008v2.4; 2008v2.5; 2008v2.6; 2008v2.7; 2008v2.8; 2008v2.9; 2009v1.0; 2009v1.1; 2009v1.10; 2009v1.2; 2009v1.3; 2009v1.4; 2009v1.5; 2009v1.6; 2009v1.7; 2009v1.8; 2009v1.9; 2010v1.0; 2010v2.0; 2010v3.0; 2010v3.1; 2010v3.2; 2010v3.3; 2010v3.4; 2010v3.5; 2010v3.6; 2010v3.7,FALSE,NA,FALSE,Cowardin
F9-PC-09-PAYROLLTAXTE,Payroll Taxes - Total Expense,F990-PC-PART-09-LINE-10A,/Return/ReturnData/IRS990/PayrollTaxes/Total,2003V21; 2004v1.0; 2005v3.0; 2005v3.1; 2005v3.2; 2005v3.3; 2005v4.0; 2005v4.1; 2006v3.0; 2006v3.1; 2006v3.2; 2006v3.3; 2006v4.0; 2006v4.1; 2006v4.2; 2006v4.3; 2006v4.4; 2007v1.0; 2007v1.1; 2007v2.0; 2007v2.1; 2007v2.10; 2007v2.11; 2007v2.12; 2007v2.13; 2007v2.14; 2007v2.2; 2007v2.3; 2007v2.4; 2007v2.5; 2007v2.6; 2007v2.7; 2007v2.8; 2007v2.9; 2008v2.0; 2008v2.1; 2008v2.10; 2008v2.11; 2008v2.12; 2008v2.13; 2008v2.14; 2008v2.2; 2008v2.3; 2008v2.4; 2008v2.5; 2008v2.6; 2008v2.7; 2008v2.8; 2008v2.9; 2009v1.0; 2009v1.1; 2009v1.10; 2009v1.2; 2009v1.3; 2009v1.4; 2009v1.5; 2009v1.6; 2009v1.7; 2009v1.8; 2009v1.9; 2010v1.0; 2010v2.0; 2010v3.0; 2010v3.1; 2010v3.2; 2010v3.3; 2010v3.4; 2010v3.5; 2010v3.6; 2010v3.7,FALSE,NA,FALSE,Cowardin
F9-PC-09-PENSIONCONTRIBFR,Pension Plan Accruals and Contributions - Fundraising Expenses,F990-PC-PART-09-LINE-08D,/Return/ReturnData/IRS990/PensionPlanContributions/Fundraising,2003V21; 2004v1.0; 2005v3.0; 2005v3.1; 2005v3.2; 2005v3.3; 2005v4.0; 2005v4.1; 2006v3.0; 2006v3.1; 2006v3.2; 2006v3.3; 2006v4.0; 2006v4.1; 2006v4.2; 2006v4.3; 2006v4.4; 2007v1.0; 2007v1.1; 2007v2.0; 2007v2.1; 2007v2.10; 2007v2.11; 2007v2.12; 2007v2.13; 2007v2.14; 2007v2.2; 2007v2.3; 2007v2.4; 2007v2.5; 2007v2.6; 2007v2.7; 2007v2.8; 2007v2.9; 2008v2.0; 2008v2.1; 2008v2.10; 2008v2.11; 2008v2.12; 2008v2.13; 2008v2.14; 2008v2.2; 2008v2.3; 2008v2.4; 2008v2.5; 2008v2.6; 2008v2.7; 2008v2.8; 2008v2.9; 2009v1.0; 2009v1.1; 2009v1.10; 2009v1.2; 2009v1.3; 2009v1.4; 2009v1.5; 2009v1.6; 2009v1.7; 2009v1.8; 2009v1.9; 2010v1.0; 2010v2.0; 2010v3.0; 2010v3.1; 2010v3.2; 2010v3.3; 2010v3.4; 2010v3.5; 2010v3.6; 2010v3.7,FALSE,NA,FALSE,Cowardin
F9-PC-09-PENSIONCONTRIBMAG,Pension Plan Accruals and Contributions - admin,F990-PC-PART-09-LINE-08C,/Return/ReturnData/IRS990/PensionPlanContributions/ManagementAndGeneral,2003V21; 2004v1.0; 2005v3.0; 2005v3.1; 2005v3.2; 2005v3.3; 2005v4.0; 2005v4.1; 2006v3.0; 2006v3.1; 2006v3.2; 2006v3.3; 2006v4.0; 2006v4.1; 2006v4.2; 2006v4.3; 2006v4.4; 2007v1.0; 2007v1.1; 2007v2.0; 2007v2.1; 2007v2.10; 2007v2.11; 2007v2.12; 2007v2.13; 202008v2.0; 2008v2.1; 2008v2.10; 2008v2.11; 2008v2.12; 2008v2.13; 2008v2.14; 2008v2.2; 2008v2.3; 2008v2.4; 2008v2.5; 2008v2.6; 2008v2.7; 2008v2.8; 2008v2.9; 2009v1.0; 2009v1.1; 2009v1.10; 2009v1.2; 2009v1.3; 2009v1.4; 2009v1.5; 2009v1.6; 2009v1.7; 2009v1.8,NA,NA,NA,Doyle
F9-PC-09-PENSIONCONTRIBPSE,Pension Plan Accruals and Contributions - Program Service Expenses,F990-PC-PART-09-LINE-08B,/Return/ReturnData/IRS990/PensionPlanContributions/ProgramServices,2003V21; 2004v1.0; 2005v3.0; 2005v3.1; 2005v3.2; 2005v3.3; 2005v4.0; 2005v4.1; 2006v3.0; 2006v3.1; 2006v3.2; 2006v3.3; 2006v4.0; 2006v4.1; 2006v4.2; 2006v4.3; 2006v4.4; 2007v1.0; 2007v1.1; 2007v2.0; 2007v2.1; 2007v2.10; 2007v2.11; 2007v2.12; 2007v2.13; 2007v2.14; 2007v2.2; 2007v2.3; 2007v2.4; 2007v2.5; 2007v2.6; 2007v2.7; 2007v2.8; 2007v2.9; 2008v2.0; 2008v2.1; 2008v2.10; 2008v2.11; 2008v2.12; 2008v2.13; 2008v2.14; 2008v2.2; 2008v2.3; 2008v2.4; 2008v2.5; 2008v2.6; 2008v2.7; 2008v2.8; 2008v2.9; 2009v1.0; 2009v1.1; 2009v1.10; 2009v1.2; 2009v1.3; 2009v1.4; 2009v1.5; 2009v1.6; 2009v1.7; 2009v1.8; 2009v1.9; 2010v1.0; 2010v2.0; 2010v3.0; 2010v3.1; 2010v3.2; 2010v3.3; 2010v3.4; 2010v3.5; 2010v3.6; 2010v3.7,FALSE,NA,FALSE,Cowardin
F9-PC-09-TOTFUNCEXPENSEFR,Total Functional Expenses - Fundraising Expenses,F990-PC-PART-09-LINE-25D,/Return/ReturnData/IRS990/TotalFunctionalExpenses/Fundraising,2003V21; 2004v1.0; 2005v3.0; 2005v3.1; 2005v3.2; 2005v3.3; 2005v4.0; 2005v4.1; 2006v3.0; 2006v3.1; 2006v3.2; 2006v3.3; 2006v4.0; 2006v4.1; 2006v4.2; 2006v4.3; 2006v4.4; 2007v1.0; 2007v1.1; 2007v2.0; 2007v2.1; 2007v2.10; 2007v2.11; 2007v2.12; 2007v2.13; 2007v2.14; 2007v2.2; 2007v2.3; 2007v2.4; 2007v2.5; 2007v2.6; 2007v2.7; 2007v2.8; 2007v2.9; 2008v2.0; 2008v2.1; 2008v2.10; 2008v2.11; 2008v2.12; 2008v2.13; 2008v2.14; 2008v2.2; 2008v2.3; 2008v2.4; 2008v2.5; 2008v2.6; 2008v2.7; 2008v2.8; 2008v2.9; 2009v1.0; 2009v1.1; 2009v1.10; 2009v1.2; 2009v1.3; 2009v1.4; 2009v1.5; 2009v1.6; 2009v1.7; 2009v1.8; 2009v1.9; 2010v1.0; 2010v2.0; 2010v3.0; 2010v3.1; 2010v3.2; 2010v3.3; 2010v3.4; 2010v3.5; 2010v3.6; 2010v3.7,FALSE,NA,FALSE,Cowardin
F9-PC-09-TOTFUNCEXPENSEMAG,Total Functional Expenses - Management and General,F990-PC-PART-09-LINE-25C,/Return/ReturnData/IRS990/TotalFunctionalExpenses/ManagementAndGeneral,2003V21; 2004v1.0; 2005v3.0; 2005v3.1; 2005v3.2; 2005v3.3; 2005v4.0; 2005v4.1; 2006v3.0; 2006v3.1; 2006v3.2; 2006v3.3; 2006v4.0; 2006v4.1; 2006v4.2; 2006v4.3; 2006v4.4; 2007v1.0; 2007v1.1; 2007v2.0; 2007v2.1; 2007v2.10; 2007v2.11; 2007v2.12; 2007v2.13; 2007v2.14; 2007v2.2; 2007v2.3; 2007v2.4; 2007v2.5; 2007v2.6; 2007v2.7; 2007v2.8; 2007v2.9; 2008v2.0; 2008v2.1; 2008v2.10; 2008v2.11; 2008v2.12; 2008v2.13; 2008v2.14; 2008v2.2; 2008v2.3; 2008v2.4; 2008v2.5; 2008v2.6; 2008v2.7; 2008v2.8; 2008v2.9; 2009v1.0; 2009v1.1; 2009v1.10; 2009v1.2; 2009v1.3; 2009v1.4; 2009v1.5; 2009v1.6; 2009v1.7; 2009v1.8; 2009v1.9; 2010v1.0; 2010v2.0; 2010v3.0; 2010v3.1; 2010v3.2; 2010v3.3; 2010v3.4; 2010v3.5; 2010v3.6; 2010v3.7,FALSE,NA,FALSE,Cowardin
F9-PC-09-TOTFUNCEXPENSEPSE,Total Functional Expenses - Program Service Expenses,F990-PC-PART-09-LINE-25B,/Return/ReturnData/IRS990/TotalFunctionalExpenses/ProgramServices,2003V21; 2004v1.0; 2005v3.0; 2005v3.1; 2005v3.2; 2005v3.3; 2005v4.0; 2005v4.1; 2006v3.0; 2006v3.1; 2006v3.2; 2006v3.3; 2006v4.0; 2006v4.1; 2006v4.2; 2006v4.3; 2006v4.4; 2007v1.0; 2007v1.1; 2007v2.0; 2007v2.1; 2007v2.10; 2007v2.11; 2007v2.12; 2007v2.13; 2007v2.14; 2007v2.2; 2007v2.3; 2007v2.4; 2007v2.5; 2007v2.6; 2007v2.7; 2007v2.8; 2007v2.9; 2008v2.0; 2008v2.1; 2008v2.10; 2008v2.11; 2008v2.12; 2008v2.13; 2008v2.14; 2008v2.2; 2008v2.3; 2008v2.4; 2008v2.5; 2008v2.6; 2008v2.7; 2008v2.8; 2008v2.9; 2009v1.0; 2009v1.1; 2009v1.10; 2009v1.2; 2009v1.3; 2009v1.4; 2009v1.5; 2009v1.6; 2009v1.7; 2009v1.8; 2009v1.9; 2010v1.0; 2010v2.0; 2010v3.0; 2010v3.1; 2010v3.2; 2010v3.3; 2010v3.4; 2010v3.5; 2010v3.6; 2010v3.7,FALSE,NA,FALSE,Cowardin
F9-PC-09-TOTFUNCEXPENSETE,Total Functional Expenses - Total Expense,F990-PC-PART-09-LINE-25A,/Return/ReturnData/IRS990/TotalFunctionalExpenses/Total,2006v3.0; 2006v3.1; 2006v3.2; 2006v3.3; 2006v4.0; 2006v4.1; 2006v4.2; 2006v4.3; 2006v4.4; 2007v1.0; 2007v1.1; 2007v2.0; 2007v2.1; 2007v2.10; 2007v2.11; 2007v2.12; 2007v2.13; 2007v2.14; 2007v2.2; 2007v2.3; 2007v2.4; 2007v2.5; 2007v2.6; 2007v2.7; 2007v2.8; 2007v2.9; 2008v2.0; 2008v2.1; 2008v2.10; 2008v2.11; 2008v2.12; 2008v2.13; 2008v2.14; 2008v2.2; 2008v2.3; 2008v2.4; 2008v2.5; 2008v2.6; 2008v2.7; 2008v2.8; 2008v2.9; 2009v1.0; 2009v1.1; 2009v1.10; 2009v1.2; 2009v1.3; 2009v1.4; 2009v1.5; 2009v1.6; 2009v1.7; 2009v1.8; 2009v1.9; 2010v1.0; 2010v2.0; 2010v3.0; 2010v3.1; 2010v3.2; 2010v3.3; 2010v3.4; 2010v3.5; 2010v3.6; 2010v3.7,TRUE,NA,FALSE,Cowardin
F9-PC-07-OFDIR1A1dF,"Total, column F",F990-PC-PART-07-LINE-1d-COL-F,/Return/ReturnData/IRS990/TotalOtherCompensation,2008v2.0; 2008v2.1; 2008v2.10; 2008v2.11; 2008v2.12; 2008v2.13; 2008v2.14; 2008v2.2; 2008v2.3; 2008v2.4; 2008v2.5; 2008v2.6; 2008v2.7; 2008v2.8; 2008v2.9; 2009v1.0; 2009v1.1; 2009v1.10; 2009v1.2; 2009v1.3; 2009v1.4; 2009v1.5; 2009v1.6; 2009v1.7; 2009v1.8; 2009v1.9; 2010v1.0; 2010v2.0; 2010v3.0; 2010v3.1; 2010v3.2; 2010v3.3; 2010v3.4; 2010v3.5; 2010v3.6; 2010v3.7,FALSE,Total is line 1d in 2018 F990,TRUE,Sokolowski
F9-PC-07-OFDIR1A1dE,"Total, column E",F990-PC-PART-07-LINE-1d-COL-E,/Return/ReturnData/IRS990/TotalReportableCompFrmRltdOrgs,2008v2.0; 2008v2.1; 2008v2.10; 2008v2.11; 2008v2.12; 2008v2.13; 2008v2.14; 2008v2.2; 2008v2.3; 2008v2.4; 2008v2.5; 2008v2.6; 2008v2.7; 2008v2.8; 2008v2.9; 2009v1.0; 2009v1.1; 2009v1.10; 2009v1.2; 2009v1.3; 2009v1.4; 2009v1.5; 2009v1.6; 2009v1.7; 2009v1.8; 2009v1.9; 2010v1.0; 2010v2.0; 2010v3.0; 2010v3.1; 2010v3.2; 2010v3.3; 2010v3.4; 2010v3.5; 2010v3.6; 2010v3.7,FALSE,Total is line 1d in 2018 F990,TRUE,Sokolowski
F9-PC-07-OFDIR1A1dD,"Total, column D",F990-PC-PART-07-LINE-1d-COL-D,/Return/ReturnData/IRS990/TotalReportableCompFromOrg,2008v2.0; 2008v2.1; 2008v2.10; 2008v2.11; 2008v2.12; 2008v2.13; 2008v2.14; 2008v2.2; 2008v2.3; 2008v2.4; 2008v2.5; 2008v2.6; 2008v2.7; 2008v2.8; 2008v2.9; 2009v1.0; 2009v1.1; 2009v1.10; 2009v1.2; 2009v1.3; 2009v1.4; 2009v1.5; 2009v1.6; 2009v1.7; 2009v1.8; 2009v1.9; 2010v1.0; 2010v2.0; 2010v3.0; 2010v3.1; 2010v3.2; 2010v3.3; 2010v3.4; 2010v3.5; 2010v3.6; 2010v3.7,FALSE,Total is line 1d in 2018 F990,TRUE,Sokolowski
F9-PC-09-TRAVELFR,Travel- Fundraising Expenses,F990-PC-PART-09-LINE-17D,/Return/ReturnData/IRS990/Travel/Fundraising,2003V21; 2004v1.0; 2005v3.0; 2005v3.1; 2005v3.2; 2005v3.3; 2005v4.0; 2005v4.1; 2006v3.0; 2006v3.1; 2006v3.2; 2006v3.3; 2006v4.0; 2006v4.1; 2006v4.2; 2006v4.3; 2006v4.4; 2007v1.0; 2007v1.1; 2007v2.0; 2007v2.1; 2007v2.10; 2007v2.11; 2007v2.12; 2007v2.13; 2007v2.14; 2007v2.2; 2007v2.3; 2007v2.4; 2007v2.5; 2007v2.6; 2007v2.7; 2007v2.8; 2007v2.9; 2008v2.0; 2008v2.1; 2008v2.10; 2008v2.11; 2008v2.12; 2008v2.13; 2008v2.14; 2008v2.2; 2008v2.3; 2008v2.4; 2008v2.5; 2008v2.6; 2008v2.7; 2008v2.8; 2008v2.9; 2009v1.0; 2009v1.1; 2009v1.10; 2009v1.2; 2009v1.3; 2009v1.4; 2009v1.5; 2009v1.6; 2009v1.7; 2009v1.8; 2009v1.9; 2010v1.0; 2010v2.0; 2010v3.0; 2010v3.1; 2010v3.2; 2010v3.3; 2010v3.4; 2010v3.5; 2010v3.6; 2010v3.7,FALSE,NA,FALSE,Cowardin
F9-PC-09-TRAVELMAG,Travel- Management and General,F990-PC-PART-09-LINE-17C,/Return/ReturnData/IRS990/Travel/ManagementAndGeneral,2003V21; 2004v1.0; 2005v3.0; 2005v3.1; 2005v3.2; 2005v3.3; 2005v4.0; 2005v4.1; 2006v3.0; 2006v3.1; 2006v3.2; 2006v3.3; 2006v4.0; 2006v4.1; 2006v4.2; 2006v4.3; 2006v4.4; 2007v1.0; 2007v1.1; 2007v2.0; 2007v2.1; 2007v2.10; 2007v2.11; 2007v2.12; 2007v2.13; 2007v2.14; 2007v2.2; 2007v2.3; 2007v2.4; 2007v2.5; 2007v2.6; 2007v2.7; 2007v2.8; 2007v2.92008v2.0; 2008v2.1; 2008v2.10; 2008v2.11; 2008v2.12; 2008v2.13; 2008v2.14; 2008v2.2; 2008v2.3; 2008v2.4; 2008v2.5; 2008v2.6; 2008v2.7; 2008v2.8; 2008v2.9; 2009v1.0; 2009v1.1; 2009v1.10; 2009v1.2; 2009v1.3; 2009v1.4; 2009v1.5; 2009v1.6; 2009v1.7; 2009v1.8; 2009v1.9; 2010v1.0; 2010v2.0; 2010v3.0; 2010v3.1; 2010v3.2; 2010v3.3; 2010v3.4; 2010v3.5; 2010v3.6; 2010v3.7,FALSE,NA,FALSE,Cowardin
F9-PC-09-TRAVELPSE,Travel- Program Service Expenses,F990-PC-PART-09-LINE-17B,/Return/ReturnData/IRS990/Travel/ProgramServices,2003V21; 2004v1.0; 2005v3.0; 2005v3.1; 2005v3.2; 2005v3.3; 2005v4.0; 2005v4.1; 2006v3.0; 2006v3.1; 2006v3.2; 2006v3.3; 2006v4.0; 2006v4.1; 2006v4.2; 2006v4.3; 2006v4.4; 2007v1.0; 2007v1.1; 2007v2.0; 2007v2.1; 2007v2.10; 2007v2.11; 2007v2.12; 2007v2.13; 2007v2.14; 2007v2.2; 2007v2.3; 2007v2.4; 2007v2.5; 2007v2.6; 2007v2.7; 2007v2.8; 2007v2.9; 2008v2.0; 2008v2.1; 2008v2.10; 2008v2.11; 2008v2.12; 2008v2.13; 2008v2.14; 2008v2.2; 2008v2.3; 2008v2.4; 2008v2.5; 2008v2.6; 2008v2.7; 2008v2.8; 2008v2.9; 2009v1.0; 2009v1.1; 2009v1.10; 2009v1.2; 2009v1.3; 2009v1.4; 2009v1.5; 2009v1.6; 2009v1.7; 2009v1.8; 2009v1.9; 2010v1.0; 2010v2.0; 2010v3.0; 2010v3.1; 2010v3.2; 2010v3.3; 2010v3.4; 2010v3.5; 2010v3.6; 2010v3.7,FALSE,NA,FALSE,Cowardin
F9-PC-09-TRAVELTE,Travel- total expense,F990-PC-PART-09-LINE-17A,/Return/ReturnData/IRS990/Travel/Total,2003V21; 2004v1.0; 2005v3.0; 2005v3.1; 2005v3.2; 2005v3.3; 2005v4.0; 2005v4.1; 2006v3.0; 2006v3.1; 2006v3.2; 2006v3.3; 2006v4.0; 2006v4.1; 2006v4.2; 2006v4.3; 2006v4.4; 2007v1.0; 2007v1.1; 2007v2.0; 2007v2.1; 2007v2.10; 2007v2.11; 2007v2.12; 2007v2.13; 2007v2.14; 2007v2.2; 2007v2.3; 2007v2.4; 2007v2.5; 2007v2.6; 2007v2.7; 2007v2.8; 2007v2.9; 2008v2.0; 2008v2.1; 2008v2.10; 2008v2.11; 2008v2.12; 2008v2.13; 2008v2.14; 2008v2.2; 2008v2.3; 2008v2.4; 2008v2.5; 2008v2.6; 2008v2.7; 2008v2.8; 2008v2.9; 2009v1.0; 2009v1.1; 2009v1.10; 2009v1.2; 2009v1.3; 2009v1.4; 2009v1.5; 2009v1.6; 2009v1.7; 2009v1.8; 2009v1.9; 2010v1.0; 2010v2.0; 2010v3.0; 2010v3.1; 2010v3.2; 2010v3.3; 2010v3.4; 2010v3.5; 2010v3.6; 2010v3.7,FALSE,NA,FALSE,Cowardin
F9-PZ-00-WEBSITE,Website,F990-PC-PART-00-SECTION-J,/Return/ReturnData/IRS990/WebSite,2003V21; 2004v1.0; 2005v3.0; 2005v3.1; 2005v3.2; 2005v3.3; 2005v4.0; 2005v4.1; 2006v3.0; 2006v3.1; 2006v3.2; 2006v3.3; 2006v4.0; 2006v4.1; 2006v4.2; 2006v4.3; 2006v4.4; 2007v1.0; 2007v1.1; 2007v2.0; 2007v2.1; 2007v2.10; 2007v2.11; 2007v2.12; 2007v2.13; 2007v2.14; 2007v2.2; 2007v2.3; 2007v2.4; 2007v2.5; 2007v2.6; 2007v2.7; 2007v2.8; 2007v2.9; 2008v2.0; 2008v2.1; 2008v2.10; 2008v2.11; 2008v2.12; 2008v2.13; 2008v2.14; 2008v2.2; 2008v2.3; 2008v2.4; 2008v2.5; 2008v2.6; 2008v2.7; 2008v2.8; 2008v2.9; 2009v1.0; 2009v1.1; 2009v1.10; 2009v1.2; 2009v1.3; 2009v1.4; 2009v1.5; 2009v1.6; 2009v1.7; 2009v1.8; 2009v1.9; 2010v1.0; 2010v2.0; 2010v3.0; 2010v3.1; 2010v3.2; 2010v3.3; 2010v3.4; 2010v3.5; 2010v3.6; 2010v3.7,FALSE,NA,FALSE,Petruzzelli
F9-PZ-05-EXCESSHOLDINGS,Excess business holdings?,F990-EZ-PART-05-LINE-44A,/Return/ReturnData/IRS990EZ/MaintainAnyDonorAdvisedFunds,2008v1.0; 2008v2.0; 2008v2.1; 2008v2.10; 2008v2.11; 2008v2.12; 2008v2.13; 2008v2.14; 2008v2.2; 2008v2.3; 2008v2.4; 2008v2.5; 2008v2.6; 2008v2.7; 2008v2.8; 2008v2.9; 2009v1.0; 2009v1.1; 2009v1.10; 2009v1.2; 2009v1.3; 2009v1.4; 2009v1.5; 2009v1.6; 2009v1.7; 2009v1.8; 2009v1.9; 2010v1.0; 2010v2.0; 2010v3.0; 2010v3.1; 2010v3.2; 2010v3.3; 2010v3.4; 2010v3.5; 2010v3.6; 2010v3.7,TRUE,NA,FALSE,Dietz & Tran
F9-PZ-10-NETASSETSBOY,"Net assets or fund balances, beginning of year",F990-EZ-PART-02-LINE-27-BOY,/Return/ReturnData/IRS990EZ/NetAssetsOrFundBalances/BOY,2003V21; 2004v1.0; 2005v3.0; 2005v3.1; 2005v3.2; 2005v3.3; 2005v4.0; 2005v4.1; 2006v3.0; 2006v3.1; 2006v3.2; 2006v3.3; 2006v4.0; 2006v4.1; 2006v4.2; 2006v4.3; 2006v4.4; 2007v1.0; 2007v1.1; 2007v2.0; 2007v2.1; 2007v2.10; 2007v2.11; 2007v2.12; 2007v2.13; 2007v2.14; 2007v2.2; 2007v2.3; 2007v2.4; 2007v2.5; 2007v2.6; 2007v2.7; 2007v2.8; 2007v2.9; 2008v1.0; 2008v2.0; 2008v2.1; 2008v2.10; 2008v2.11; 2008v2.12; 2008v2.13; 2008v2.14; 2008v2.2; 2008v2.3; 2008v2.4; 2008v2.5; 2008v2.6; 2008v2.7; 2008v2.8; 2008v2.9; 2009v1.0; 2009v1.1; 2009v1.10; 2009v1.2; 2009v1.3; 2009v1.4; 2009v1.5; 2009v1.6; 2009v1.7; 2009v1.8; 2009v1.9; 2010v1.0; 2010v2.0; 2010v3.0; 2010v3.1; 2010v3.2; 2010v3.3; 2010v3.4; 2010v3.5; 2010v3.6; 2010v3.7,FALSE,NA,FALSE,Struck
F9-PZ-10-NETASSETSEOY,"Net assets or fund balances, end of year",F990-EZ-PART-02-LINE-27-EOY,/Return/ReturnData/IRS990EZ/NetAssetsOrFundBalances/EOY,2003V21; 2004v1.0; 2005v3.0; 2005v3.1; 2005v3.2; 2005v3.3; 2005v4.0; 2005v4.1; 2006v3.0; 2006v3.1; 2006v3.2; 2006v3.3; 2006v4.0; 2006v4.1; 2006v4.2; 2006v4.3; 2006v4.4; 2007v1.0; 2007v1.1; 2007v2.0; 2007v2.1; 2007v2.10; 2007v2.11; 2007v2.12; 2007v2.13; 2007v2.14; 2007v2.2; 2007v2.3; 2007v2.4; 2007v2.5; 2007v2.6; 2007v2.7; 2007v2.8; 2007v2.9; 2008v1.0; 2008v2.0; 2008v2.1; 2008v2.10; 2008v2.11; 2008v2.12; 2008v2.13; 2008v2.14; 2008v2.2; 2008v2.3; 2008v2.4; 2008v2.5; 2008v2.6; 2008v2.7; 2008v2.8; 2008v2.9; 2009v1.0; 2009v1.1; 2009v1.10; 2009v1.2; 2009v1.3; 2009v1.4; 2009v1.5; 2009v1.6; 2009v1.7; 2009v1.8; 2009v1.9; 2010v1.0; 2010v2.0; 2010v3.0; 2010v3.1; 2010v3.2; 2010v3.3; 2010v3.4; 2010v3.5; 2010v3.6; 2010v3.7,FALSE,NA,FALSE,Struck
F9-PZ-07-OFDIR1A1UB,Average hours per week,F990-EZ-PART-04-LINE-1-COL-B,/Return/ReturnData/IRS990EZ/OfficerDirectorTrusteeKeyEmpl/AvgHoursPerWkDevotedToPosition,2003V21; 2004v1.0; 2005v3.0; 2005v3.1; 2005v3.2; 2005v3.3; 2005v4.0; 2005v4.1; 2006v3.0; 2006v3.1; 2006v3.2; 2006v3.3; 2006v4.0; 2006v4.1; 2006v4.2; 2006v4.3; 2006v4.4; 2007v1.0; 2007v1.1; 2007v2.0; 2007v2.1; 2007v2.10; 2007v2.11; 2007v2.12; 2007v2.13; 2007v2.14; 2007v2.2; 2007v2.3; 2007v2.4; 2007v2.5; 2007v2.6; 2007v2.7; 2007v2.8; 2007v2.9; 2008v1.0; 2008v2.0; 2008v2.1; 2008v2.10; 2008v2.11; 2008v2.12; 2008v2.13; 2008v2.14; 2008v2.2; 2008v2.3; 2008v2.4; 2008v2.5; 2008v2.6; 2008v2.7; 2008v2.8; 2008v2.9; 2009v1.0; 2009v1.1; 2009v1.10; 2009v1.2; 2009v1.3; 2009v1.4; 2009v1.5; 2009v1.6; 2009v1.7; 2009v1.8; 2009v1.9; 2010v1.0; 2010v2.0; 2010v3.0; 2010v3.1; 2010v3.2; 2010v3.3; 2010v3.4; 2010v3.5; 2010v3.6; 2010v3.7,FALSE,Form EZ has no numbered lines for this info,FALSE,Sokolowski
F9-PZ-03-PGMSVCACTIVITY,Program Accomplishment Description,F990-EZ-PART-03-LINE-28-31,/Return/ReturnData/IRS990EZ/ProgramServiceAccomplishment/DescriptionProgramServiceAccom,2003V21; 2004v1.0; 2005v3.0; 2005v3.1; 2005v3.2; 2005v3.3; 2005v4.0; 2005v4.1; 2006v3.0; 2006v3.1; 2006v3.2; 2006v3.3; 2006v4.0; 2006v4.1; 2006v4.2; 2006v4.3; 2006v4.4; 2007v1.0; 2007v1.1; 2007v2.0; 2007v2.1; 2007v2.10; 2007v2.11; 2007v2.12; 2007v2.13; 2007v2.14; 2007v2.2; 2007v2.3; 2007v2.4; 2007v2.5; 2007v2.6; 2007v2.7; 2007v2.8; 2007v2.9; 2008v1.0; 2008v2.0; 2008v2.1; 2008v2.10; 2008v2.11; 2008v2.12; 2008v2.13; 2008v2.14; 2008v2.2; 2008v2.3; 2008v2.4; 2008v2.5; 2008v2.6; 2008v2.7; 2008v2.8; 2008v2.9; 2009v1.0; 2009v1.1; 2009v1.10; 2009v1.2; 2009v1.3; 2009v1.4; 2009v1.5; 2009v1.6; 2009v1.7; 2009v1.8; 2009v1.9; 2010v1.0; 2010v2.0; 2010v3.0; 2010v3.1; 2010v3.2; 2010v3.3; 2010v3.4; 2010v3.5; 2010v3.6; 2010v3.7,FALSE,NA,FALSE,Barr & Bogucki
F9-PZ-06-STATESFILED,States where return filed,F990-EZ-PART-05-LINE-41,/Return/ReturnData/IRS990EZ/StatesWhereCopyOfReturnIsFiled,2003V21; 2004v1.0; 2005v3.0; 2005v3.1; 2005v3.2; 2005v3.3; 2005v4.0; 2005v4.1; 2006v3.0; 2006v3.1; 2006v3.2; 2006v3.3; 2006v4.0; 2006v4.1; 2006v4.2; 2006v4.3; 2006v4.4; 2007v1.0; 2007v1.1; 2007v2.0; 2007v2.1; 2007v2.10; 2007v2.11; 2007v2.12; 2007v2.13; 2007v2.14; 2007v2.2; 2007v2.3; 2007v2.4; 2007v2.5; 2007v2.6; 2007v2.7; 2007v2.8; 2007v2.9; 2008v1.0; 2008v2.0; 2008v2.1; 2008v2.10; 2008v2.11; 2008v2.12; 2008v2.13; 2008v2.14; 2008v2.2; 2008v2.3; 2008v2.4; 2008v2.5; 2008v2.6; 2008v2.7; 2008v2.8; 2008v2.9; 2009v1.0; 2009v1.1; 2009v1.10; 2009v1.2; 2009v1.3; 2009v1.4; 2009v1.5; 2009v1.6; 2009v1.7; 2009v1.8; 2009v1.9; 2010v1.0; 2010v2.0; 2010v3.0; 2010v3.1; 2010v3.2; 2010v3.3; 2010v3.4; 2010v3.5; 2010v3.6; 2010v3.7,FALSE,NA,FALSE,McKeever
F9-PZ-10-TOTALASSETSEOY,"Total assets, end of year",F990-EZ-PART-02-LINE-25-EOY,/Return/ReturnData/IRS990EZ/TotalAssets/EOY,2003V21; 2004v1.0; 2005v3.0; 2005v3.1; 2005v3.2; 2005v3.3; 2005v4.0; 2005v4.1; 2006v3.0; 2006v3.1; 2006v3.2; 2006v3.3; 2006v4.0; 2006v4.1; 2006v4.2; 2006v4.3; 2006v4.4; 2007v1.0; 2007v1.1; 2007v2.0; 2007v2.1; 2007v2.10; 2007v2.11; 2007v2.12; 2007v2.13; 2007v2.14; 2007v2.2; 2007v2.3; 2007v2.4; 2007v2.5; 2007v2.6; 2007v2.7; 2007v2.8; 2007v2.9; 2008v1.0; 2008v2.0; 2008v2.1; 2008v2.10; 2008v2.11; 2008v2.12; 2008v2.13; 2008v2.14; 2008v2.2; 2008v2.3; 2008v2.4; 2008v2.5; 2008v2.6; 2008v2.7; 2008v2.8; 2008v2.9; 2009v1.0; 2009v1.1; 2009v1.10; 2009v1.2; 2009v1.3; 2009v1.4; 2009v1.5; 2009v1.6; 2009v1.7; 2009v1.8; 2009v1.9; 2010v1.0; 2010v2.0; 2010v3.0; 2010v3.1; 2010v3.2; 2010v3.3; 2010v3.4; 2010v3.5; 2010v3.6; 2010v3.7,FALSE,NA,FALSE,Struck
